--users certificados
INSERT INTO utilizador values ('francisco48@gmail.com', 'asADSsadsaXZCPF');
INSERT INTO utilizador_certificado values ('francisco48@gmail.com');
INSERT INTO utilizador values ('francisco17@hotmail.com', '123sadiujkasdq');
INSERT INTO utilizador_certificado values ('francisco17@hotmail.com');
INSERT INTO utilizador values ('francisco48@outlook.com.pt', 'panados');
INSERT INTO utilizador_certificado values ('francisco48@outlook.com.pt');
INSERT INTO utilizador values ('paulo29@gmail.com', '123');
INSERT INTO utilizador_certificado values ('paulo29@gmail.com');
INSERT INTO utilizador values ('paulo60@hotmail.com', 'paopao');
INSERT INTO utilizador_certificado values ('paulo60@hotmail.com');
INSERT INTO utilizador values ('paulo99@outlook.com.pt', '123sadiujkasdq');
INSERT INTO utilizador_certificado values ('paulo99@outlook.com.pt');
INSERT INTO utilizador values ('miguel99@gmail.com', '123');
INSERT INTO utilizador_certificado values ('miguel99@gmail.com');
INSERT INTO utilizador values ('miguel50@hotmail.com', 'paopao');
INSERT INTO utilizador_certificado values ('miguel50@hotmail.com');
INSERT INTO utilizador values ('miguel55@outlook.com.pt', '123');
INSERT INTO utilizador_certificado values ('miguel55@outlook.com.pt');
INSERT INTO utilizador values ('catarina87@gmail.com', '123sadiujkasdq');
INSERT INTO utilizador_certificado values ('catarina87@gmail.com');
INSERT INTO utilizador values ('catarina21@hotmail.com', '123');
INSERT INTO utilizador_certificado values ('catarina21@hotmail.com');
INSERT INTO utilizador values ('catarina96@outlook.com.pt', '123sadiujkasdq');
INSERT INTO utilizador_certificado values ('catarina96@outlook.com.pt');
INSERT INTO utilizador values ('sofia61@gmail.com', '123sadiujkasdq');
INSERT INTO utilizador_certificado values ('sofia61@gmail.com');
INSERT INTO utilizador values ('sofia97@hotmail.com', '123sadiujkasdq');
INSERT INTO utilizador_certificado values ('sofia97@hotmail.com');
INSERT INTO utilizador values ('sofia85@outlook.com.pt', 'password');
INSERT INTO utilizador_certificado values ('sofia85@outlook.com.pt');
INSERT INTO utilizador values ('murteira92@gmail.com', 'password');
INSERT INTO utilizador_certificado values ('murteira92@gmail.com');
INSERT INTO utilizador values ('murteira53@hotmail.com', 'paopao');
INSERT INTO utilizador_certificado values ('murteira53@hotmail.com');
INSERT INTO utilizador values ('murteira91@outlook.com.pt', '123sadiujkasdq');
INSERT INTO utilizador_certificado values ('murteira91@outlook.com.pt');
INSERT INTO utilizador values ('bruno27@gmail.com', 'password');
INSERT INTO utilizador_certificado values ('bruno27@gmail.com');
INSERT INTO utilizador values ('bruno88@hotmail.com', 'password');
INSERT INTO utilizador_certificado values ('bruno88@hotmail.com');
INSERT INTO utilizador values ('bruno92@outlook.com.pt', 'panados');
INSERT INTO utilizador_certificado values ('bruno92@outlook.com.pt');
INSERT INTO utilizador values ('alexandre30@gmail.com', '123');
INSERT INTO utilizador_certificado values ('alexandre30@gmail.com');
INSERT INTO utilizador values ('alexandre92@hotmail.com', 'paopao');
INSERT INTO utilizador_certificado values ('alexandre92@hotmail.com');
INSERT INTO utilizador values ('alexandre78@outlook.com.pt', 'paopao');
INSERT INTO utilizador_certificado values ('alexandre78@outlook.com.pt');

--users regular
INSERT INTO utilizador values ('ricardo38@gmail.com', 'paopao');
INSERT INTO utilizador_regular values ('ricardo38@gmail.com');
INSERT INTO utilizador values ('ricardo71@hotmail.com', 'password');
INSERT INTO utilizador_regular values ('ricardo71@hotmail.com');
INSERT INTO utilizador values ('ricardo97@outlook.com.pt', 'panados');
INSERT INTO utilizador_regular values ('ricardo97@outlook.com.pt');
INSERT INTO utilizador values ('andre44@gmail.com', 'password');
INSERT INTO utilizador_regular values ('andre44@gmail.com');
INSERT INTO utilizador values ('andre74@hotmail.com', 'password');
INSERT INTO utilizador_regular values ('andre74@hotmail.com');
INSERT INTO utilizador values ('andre46@outlook.com.pt', '123');
INSERT INTO utilizador_regular values ('andre46@outlook.com.pt');
INSERT INTO utilizador values ('rafaela34@gmail.com', 'asADSsadsaXZCPF');
INSERT INTO utilizador_regular values ('rafaela34@gmail.com');
INSERT INTO utilizador values ('rafaela99@hotmail.com', 'asADSsadsaXZCPF');
INSERT INTO utilizador_regular values ('rafaela99@hotmail.com');
INSERT INTO utilizador values ('rafaela97@outlook.com.pt', '123');
INSERT INTO utilizador_regular values ('rafaela97@outlook.com.pt');

--locais publicos
INSERT INTO local_publico values (1, 1.531, 'avintes');
INSERT INTO local_publico values (1, 24.124, 'alhandra');
INSERT INTO local_publico values (1, 31.5123, 'leiria');
INSERT INTO local_publico values (1.531, 1.531, 'alhandra');
INSERT INTO local_publico values (1.531, 24.124, 'alhandra');
INSERT INTO local_publico values (1.531, 31.5123, 'alverca');
INSERT INTO local_publico values (24.124, 1.531, 'avintes');
INSERT INTO local_publico values (24.124, 24.124, 'vila nova de gaia');
INSERT INTO local_publico values (24.124, 31.5123, 'nazare');
INSERT INTO local_publico values (211.5, 1.531, 'avintes');
INSERT INTO local_publico values (211.5, 24.124, 'leiria');
INSERT INTO local_publico values (211.5, 31.5123, 'vila nova de gaia');

--anomalias
INSERT INTO anomalia values (454, 'baixo', 'test6.jpg', 'PT', '2020-6-26 23:45:49', 'descricao226', 'false');
INSERT INTO anomalia values (153, 'esquerda', 'test417.jpg', 'EN', '2019-2-9 9:60:32', 'descricao266', 'true');
INSERT INTO anomalia values (437, 'meio', 'test289.jpg', 'GB', '2000-10-22 2:15:38', 'descricao370', 'true');
INSERT INTO anomalia values (390, 'meio', 'test222.jpg', 'EN', '2020-11-8 9:34:27', 'descricao425', 'false');
INSERT INTO anomalia values (140, 'esquerda', 'test402.jpg', 'EN', '1999-9-12 13:7:41', 'descricao346', 'true');
INSERT INTO anomalia values (41, 'baixo', 'test491.jpg', 'FR', '2019-8-9 5:22:27', 'descricao403', 'true');
INSERT INTO anomalia values (340, 'esquerda', 'test404.jpg', 'FR', '2000-7-5 24:26:2', 'descricao106', 'true');
INSERT INTO anomalia values (374, 'meio', 'test496.jpg', 'EN', '2000-5-7 19:1:5', 'descricao371', 'true');
INSERT INTO anomalia values (228, 'meio', 'test26.jpg', 'EN', '2000-5-26 11:40:29', 'descricao424', 'false');
INSERT INTO anomalia values (331, 'meio', 'test99.jpg', 'PT', '2000-3-23 17:31:50', 'descricao390', 'false');
INSERT INTO anomalia values (472, 'meio', 'test312.jpg', 'CH', '2019-12-18 3:39:15', 'descricao27', 'false');
INSERT INTO anomalia values (419, 'direita', 'test434.jpg', 'GB', '2019-8-19 14:17:18', 'descricao275', 'true');
INSERT INTO anomalia values (53, 'meio', 'test410.jpg', 'GB', '1999-3-13 16:36:28', 'descricao362', 'false');
INSERT INTO anomalia values (252, 'baixo', 'test77.jpg', 'PT', '1999-3-20 4:6:27', 'descricao275', 'true');
INSERT INTO anomalia values (400, 'meio', 'test312.jpg', 'GB', '1999-3-25 3:50:28', 'descricao231', 'false');
INSERT INTO anomalia values (328, 'direita', 'test409.jpg', 'CH', '2020-6-16 13:35:43', 'descricao391', 'false');
INSERT INTO anomalia values (493, 'esquerda', 'test3.jpg', 'PT', '2000-7-19 6:24:34', 'descricao390', 'false');
INSERT INTO anomalia values (398, 'cima', 'test394.jpg', 'EN', '2020-6-6 2:50:55', 'descricao249', 'false');
INSERT INTO anomalia values (205, 'direita', 'test368.jpg', 'GB', '2000-6-25 12:29:59', 'descricao86', 'true');
INSERT INTO anomalia values (270, 'meio', 'test437.jpg', 'PT', '2000-10-11 20:26:0', 'descricao116', 'true');
INSERT INTO anomalia values (393, 'meio', 'test59.jpg', 'EN', '2020-8-18 7:36:44', 'descricao160', 'false');
INSERT INTO anomalia values (139, 'cima', 'test6.jpg', 'GB', '2019-11-21 7:15:17', 'descricao37', 'true');
INSERT INTO anomalia values (134, 'meio', 'test410.jpg', 'FR', '2010-3-3 18:6:43', 'descricao347', 'true');
INSERT INTO anomalia values (140, 'cima', 'test448.jpg', 'GB', '2019-11-10 23:39:2', 'descricao486', 'true');
INSERT INTO anomalia values (119, 'meio', 'test121.jpg', 'GB', '2010-8-6 21:18:34', 'descricao385', 'true');
INSERT INTO anomalia values (348, 'direita', 'test439.jpg', 'CH', '1999-7-18 20:13:12', 'descricao116', 'true');
INSERT INTO anomalia values (288, 'esquerda', 'test472.jpg', 'PT', '2010-11-22 22:19:51', 'descricao79', 'false');
INSERT INTO anomalia values (324, 'meio', 'test410.jpg', 'CH', '2019-5-6 1:12:35', 'descricao424', 'false');
INSERT INTO anomalia values (193, 'baixo', 'test72.jpg', 'FR', '2000-2-27 23:4:51', 'descricao266', 'true');
INSERT INTO anomalia values (48, 'direita', 'test290.jpg', 'PT', '2010-7-21 14:12:21', 'descricao347', 'false');
INSERT INTO anomalia values (389, 'meio', 'test95.jpg', 'GB', '2000-3-1 12:46:57', 'descricao397', 'false');
INSERT INTO anomalia values (189, 'cima', 'test342.jpg', 'CH', '2010-7-12 18:28:14', 'descricao27', 'true');
INSERT INTO anomalia values (397, 'direita', 'test410.jpg', 'GB', '2010-9-22 3:17:40', 'descricao499', 'true');
INSERT INTO anomalia values (480, 'cima', 'test436.jpg', 'FR', '1999-8-3 23:5:30', 'descricao385', 'false');
INSERT INTO anomalia values (0, 'meio', 'test436.jpg', 'GB', '1999-9-19 14:57:51', 'descricao397', 'true');
INSERT INTO anomalia values (489, 'baixo', 'test453.jpg', 'CH', '1999-10-1 6:60:33', 'descricao410', 'false');
INSERT INTO anomalia values (217, 'cima', 'test82.jpg', 'FR', '2019-2-23 24:0:25', 'descricao117', 'true');
INSERT INTO anomalia values (156, 'baixo', 'test388.jpg', 'FR', '2010-8-9 6:24:50', 'descricao231', 'true');
INSERT INTO anomalia values (325, 'cima', 'test95.jpg', 'PT', '2020-12-9 9:41:3', 'descricao117', 'false');
INSERT INTO anomalia values (33, 'direita', 'test6.jpg', 'EN', '1999-1-13 22:47:39', 'descricao410', 'true');
INSERT INTO anomalia values (416, 'baixo', 'test339.jpg', 'EN', '2000-6-7 16:0:13', 'descricao499', 'false');
INSERT INTO anomalia values (150, 'cima', 'test72.jpg', 'CH', '2000-1-2 22:0:1', 'descricao410', 'false');
INSERT INTO anomalia values (237, 'meio', 'test240.jpg', 'FR', '2020-4-1 11:26:29', 'descricao370', 'true');
INSERT INTO anomalia values (91, 'esquerda', 'test453.jpg', 'PT', '2020-10-6 4:15:50', 'descricao28', 'true');
INSERT INTO anomalia values (169, 'baixo', 'test27.jpg', 'GB', '2000-7-4 18:14:38', 'descricao489', 'true');
INSERT INTO anomalia values (476, 'baixo', 'test290.jpg', 'PT', '2010-11-15 2:10:44', 'descricao176', 'false');
INSERT INTO anomalia values (89, 'cima', 'test222.jpg', 'EN', '2019-7-1 17:50:46', 'descricao486', 'true');
INSERT INTO anomalia values (187, 'direita', 'test442.jpg', 'EN', '2010-5-15 11:38:21', 'descricao396', 'false');
INSERT INTO anomalia values (467, 'baixo', 'test339.jpg', 'CH', '2010-8-16 13:29:29', 'descricao424', 'false');
INSERT INTO anomalia values (73, 'baixo', 'test425.jpg', 'GB', '2000-2-9 12:13:4', 'descricao391', 'false');
INSERT INTO anomalia values (439, 'baixo', 'test439.jpg', 'GB', '2020-11-7 19:11:9', 'descricao471', 'false');
INSERT INTO anomalia values (325, 'esquerda', 'test167.jpg', 'GB', '1999-1-25 18:47:23', 'descricao28', 'false');
INSERT INTO anomalia values (219, 'meio', 'test177.jpg', 'GB', '2020-10-3 18:54:51', 'descricao106', 'false');
INSERT INTO anomalia values (33, 'cima', 'test96.jpg', 'EN', '2010-12-16 8:17:20', 'descricao346', 'true');
INSERT INTO anomalia values (200, 'direita', 'test65.jpg', 'GB', '2019-8-1 19:31:50', 'descricao283', 'false');
INSERT INTO anomalia values (395, 'esquerda', 'test96.jpg', 'GB', '1999-1-23 11:9:18', 'descricao486', 'false');
INSERT INTO anomalia values (364, 'meio', 'test439.jpg', 'EN', '2020-11-1 22:8:37', 'descricao79', 'false');
INSERT INTO anomalia values (61, 'baixo', 'test394.jpg', 'FR', '2000-12-1 15:20:15', 'descricao116', 'true');
INSERT INTO anomalia values (141, 'esquerda', 'test290.jpg', 'CH', '2000-8-13 2:21:13', 'descricao111', 'false');
INSERT INTO anomalia values (106, 'esquerda', 'test439.jpg', 'GB', '2020-6-7 19:43:19', 'descricao473', 'true');
INSERT INTO anomalia values (485, 'direita', 'test166.jpg', 'FR', '2010-9-4 24:33:6', 'descricao348', 'true');
INSERT INTO anomalia values (227, 'meio', 'test437.jpg', 'FR', '2000-12-12 23:9:59', 'descricao231', 'true');
INSERT INTO anomalia values (268, 'esquerda', 'test245.jpg', 'PT', '2019-9-18 8:11:26', 'descricao300', 'false');
INSERT INTO anomalia values (98, 'baixo', 'test299.jpg', 'FR', '2020-6-27 22:14:39', 'descricao402', 'true');
INSERT INTO anomalia values (212, 'esquerda', 'test65.jpg', 'EN', '2020-12-12 24:19:9', 'descricao424', 'false');
INSERT INTO anomalia values (288, 'direita', 'test313.jpg', 'GB', '1999-4-10 4:48:30', 'descricao311', 'true');
INSERT INTO anomalia values (248, 'direita', 'test155.jpg', 'EN', '2019-9-23 5:59:15', 'descricao152', 'false');
INSERT INTO anomalia values (280, 'esquerda', 'test410.jpg', 'CH', '2000-1-23 1:53:5', 'descricao397', 'false');
INSERT INTO anomalia values (476, 'esquerda', 'test6.jpg', 'CH', '1999-10-7 21:7:44', 'descricao413', 'false');
INSERT INTO anomalia values (443, 'cima', 'test6.jpg', 'EN', '2020-10-4 4:13:19', 'descricao297', 'false');
INSERT INTO anomalia values (221, 'direita', 'test496.jpg', 'FR', '2000-8-17 15:1:43', 'descricao7', 'true');
INSERT INTO anomalia values (184, 'baixo', 'test394.jpg', 'PT', '2020-9-18 1:48:16', 'descricao346', 'false');
INSERT INTO anomalia values (303, 'direita', 'test368.jpg', 'PT', '2000-11-8 23:5:58', 'descricao86', 'false');
INSERT INTO anomalia values (75, 'baixo', 'test342.jpg', 'FR', '2000-10-14 20:59:14', 'descricao405', 'true');
INSERT INTO anomalia values (100, 'direita', 'test156.jpg', 'FR', '2019-6-12 3:60:4', 'descricao347', 'false');
INSERT INTO anomalia values (275, 'direita', 'test77.jpg', 'PT', '2010-8-14 23:29:36', 'descricao127', 'true');
INSERT INTO anomalia values (105, 'direita', 'test302.jpg', 'FR', '2010-11-5 8:56:27', 'descricao231', 'true');
INSERT INTO anomalia values (264, 'baixo', 'test234.jpg', 'GB', '2000-9-13 11:58:13', 'descricao40', 'false');
INSERT INTO anomalia values (231, 'esquerda', 'test496.jpg', 'FR', '2020-8-16 7:40:36', 'descricao391', 'true');
INSERT INTO anomalia values (222, 'esquerda', 'test177.jpg', 'EN', '1999-12-16 7:6:19', 'descricao405', 'false');
INSERT INTO anomalia values (110, 'direita', 'test394.jpg', 'FR', '1999-6-27 7:30:55', 'descricao106', 'false');
INSERT INTO anomalia values (183, 'cima', 'test72.jpg', 'GB', '2000-1-4 17:4:45', 'descricao33', 'true');
INSERT INTO anomalia values (143, 'meio', 'test159.jpg', 'PT', '2000-4-3 9:6:48', 'descricao481', 'false');
INSERT INTO anomalia values (155, 'meio', 'test421.jpg', 'FR', '2000-4-1 21:0:24', 'descricao413', 'false');
INSERT INTO anomalia values (59, 'meio', 'test259.jpg', 'FR', '2019-7-16 1:45:33', 'descricao371', 'true');
INSERT INTO anomalia values (335, 'baixo', 'test169.jpg', 'FR', '2000-10-1 13:44:3', 'descricao37', 'false');
INSERT INTO anomalia values (206, 'esquerda', 'test82.jpg', 'PT', '1999-9-3 9:53:23', 'descricao227', 'true');
INSERT INTO anomalia values (208, 'esquerda', 'test6.jpg', 'FR', '2020-11-18 3:32:52', 'descricao226', 'true');
INSERT INTO anomalia values (261, 'cima', 'test156.jpg', 'PT', '1999-12-18 2:55:53', 'descricao257', 'true');
INSERT INTO anomalia values (212, 'baixo', 'test496.jpg', 'PT', '2020-3-23 13:13:40', 'descricao348', 'true');
INSERT INTO anomalia values (434, 'cima', 'test410.jpg', 'GB', '2010-8-4 15:20:27', 'descricao226', 'true');
INSERT INTO anomalia values (115, 'direita', 'test410.jpg', 'FR', '2019-2-1 8:11:35', 'descricao410', 'true');
INSERT INTO anomalia values (68, 'baixo', 'test159.jpg', 'EN', '2020-5-25 23:43:53', 'descricao393', 'true');
INSERT INTO anomalia values (392, 'direita', 'test339.jpg', 'GB', '1999-4-20 7:45:7', 'descricao403', 'false');
INSERT INTO anomalia values (267, 'cima', 'test3.jpg', 'PT', '2010-9-4 24:33:6', 'descricao44', 'false');
INSERT INTO anomalia values (398, 'direita', 'test442.jpg', 'FR', '2010-9-10 8:17:52', 'descricao370', 'false');
INSERT INTO anomalia values (191, 'direita', 'test379.jpg', 'PT', '2010-7-7 24:14:2', 'descricao297', 'false');
INSERT INTO anomalia values (37, 'esquerda', 'test312.jpg', 'PT', '1999-10-18 18:7:25', 'descricao27', 'false');
INSERT INTO anomalia values (488, 'esquerda', 'test323.jpg', 'GB', '2000-11-23 3:49:27', 'descricao86', 'true');
INSERT INTO anomalia values (271, 'baixo', 'test177.jpg', 'EN', '2020-10-13 14:7:33', 'descricao360', 'true');

--anomalias traducao
INSERT INTO anomalia_traducao values (454, 'meio', 'PT')
INSERT INTO anomalia_traducao values (153, 'meio', 'GB')
INSERT INTO anomalia_traducao values (340, 'meio', 'EN')
INSERT INTO anomalia_traducao values (374, 'baixo', 'CH')
INSERT INTO anomalia_traducao values (331, 'baixo', 'EN')
INSERT INTO anomalia_traducao values (472, 'direita', 'GB')
INSERT INTO anomalia_traducao values (419, 'esquerda', 'EN')
INSERT INTO anomalia_traducao values (400, 'esquerda', 'FR')
INSERT INTO anomalia_traducao values (398, 'esquerda', 'EN')
INSERT INTO anomalia_traducao values (205, 'esquerda', 'FR')
INSERT INTO anomalia_traducao values (270, 'cima', 'EN')
INSERT INTO anomalia_traducao values (139, 'esquerda', 'FR')
INSERT INTO anomalia_traducao values (134, 'baixo', 'EN')
INSERT INTO anomalia_traducao values (119, 'esquerda', 'PT')
INSERT INTO anomalia_traducao values (288, 'esquerda', 'FR')
INSERT INTO anomalia_traducao values (324, 'cima', 'CH')
INSERT INTO anomalia_traducao values (193, 'esquerda', 'FR')
INSERT INTO anomalia_traducao values (48, 'cima', 'EN')
INSERT INTO anomalia_traducao values (389, 'cima', 'PT')
INSERT INTO anomalia_traducao values (189, 'meio', 'PT')
INSERT INTO anomalia_traducao values (397, 'cima', 'EN')
INSERT INTO anomalia_traducao values (0, 'cima', 'CH')
INSERT INTO anomalia_traducao values (489, 'esquerda', 'EN')
INSERT INTO anomalia_traducao values (416, 'baixo', 'GB')
INSERT INTO anomalia_traducao values (467, 'meio', 'EN')
INSERT INTO anomalia_traducao values (73, 'meio', 'EN')
INSERT INTO anomalia_traducao values (325, 'direita', 'EN')
INSERT INTO anomalia_traducao values (219, 'cima', 'EN')
INSERT INTO anomalia_traducao values (395, 'meio', 'PT')
INSERT INTO anomalia_traducao values (141, 'meio', 'PT')
INSERT INTO anomalia_traducao values (268, 'direita', 'EN')
INSERT INTO anomalia_traducao values (212, 'esquerda', 'PT')
INSERT INTO anomalia_traducao values (280, 'cima', 'EN')
INSERT INTO anomalia_traducao values (184, 'cima', 'EN')
INSERT INTO anomalia_traducao values (303, 'baixo', 'GB')
INSERT INTO anomalia_traducao values (75, 'cima', 'GB')
INSERT INTO anomalia_traducao values (275, 'meio', 'GB')
INSERT INTO anomalia_traducao values (105, 'cima', 'PT')
INSERT INTO anomalia_traducao values (231, 'esquerda', 'CH')
INSERT INTO anomalia_traducao values (110, 'meio', 'GB')
INSERT INTO anomalia_traducao values (143, 'meio', 'PT')
INSERT INTO anomalia_traducao values (59, 'baixo', 'PT')
INSERT INTO anomalia_traducao values (212, 'baixo', 'CH')
INSERT INTO anomalia_traducao values (115, 'esquerda', 'GB')
INSERT INTO anomalia_traducao values (267, 'cima', 'FR')
INSERT INTO anomalia_traducao values (398, 'esquerda', 'GB')
INSERT INTO anomalia_traducao values (37, 'esquerda', 'EN')
INSERT INTO anomalia_traducao values (488, 'esquerda', 'FR')
INSERT INTO anomalia_traducao values (271, 'meio', 'FR')

