--users certificados
INSERT INTO utilizador values ('nome045@gmail.com', '123sadiujkasdq');
INSERT INTO utilizador_certificado values ('nome045@gmail.com');
INSERT INTO utilizador values ('nome024@hotmail.com', 'paopao');
INSERT INTO utilizador_certificado values ('nome024@hotmail.com');
INSERT INTO utilizador values ('nome093@outlook.com.pt', '123');
INSERT INTO utilizador_certificado values ('nome093@outlook.com.pt');
INSERT INTO utilizador values ('nome118@gmail.com', 'panados');
INSERT INTO utilizador_certificado values ('nome118@gmail.com');
INSERT INTO utilizador values ('nome139@hotmail.com', '123sadiujkasdq');
INSERT INTO utilizador_certificado values ('nome139@hotmail.com');
INSERT INTO utilizador values ('nome14@outlook.com.pt', '123sadiujkasdq');
INSERT INTO utilizador_certificado values ('nome14@outlook.com.pt');
INSERT INTO utilizador values ('nome262@gmail.com', 'asADSsadsaXZCPF');
INSERT INTO utilizador_certificado values ('nome262@gmail.com');
INSERT INTO utilizador values ('nome241@hotmail.com', 'asADSsadsaXZCPF');
INSERT INTO utilizador_certificado values ('nome241@hotmail.com');
INSERT INTO utilizador values ('nome222@outlook.com.pt', 'password');
INSERT INTO utilizador_certificado values ('nome222@outlook.com.pt');
INSERT INTO utilizador values ('nome357@gmail.com', '123');
INSERT INTO utilizador_certificado values ('nome357@gmail.com');
INSERT INTO utilizador values ('nome357@hotmail.com', '123');
INSERT INTO utilizador_certificado values ('nome357@hotmail.com');
INSERT INTO utilizador values ('nome326@outlook.com.pt', 'password');
INSERT INTO utilizador_certificado values ('nome326@outlook.com.pt');
INSERT INTO utilizador values ('nome423@gmail.com', 'password');
INSERT INTO utilizador_certificado values ('nome423@gmail.com');
INSERT INTO utilizador values ('nome476@hotmail.com', 'panados');
INSERT INTO utilizador_certificado values ('nome476@hotmail.com');
INSERT INTO utilizador values ('nome410@outlook.com.pt', '123');
INSERT INTO utilizador_certificado values ('nome410@outlook.com.pt');
INSERT INTO utilizador values ('nome531@gmail.com', '123');
INSERT INTO utilizador_certificado values ('nome531@gmail.com');
INSERT INTO utilizador values ('nome577@hotmail.com', 'password');
INSERT INTO utilizador_certificado values ('nome577@hotmail.com');
INSERT INTO utilizador values ('nome557@outlook.com.pt', 'asADSsadsaXZCPF');
INSERT INTO utilizador_certificado values ('nome557@outlook.com.pt');
INSERT INTO utilizador values ('nome618@gmail.com', '123');
INSERT INTO utilizador_certificado values ('nome618@gmail.com');
INSERT INTO utilizador values ('nome621@hotmail.com', '123sadiujkasdq');
INSERT INTO utilizador_certificado values ('nome621@hotmail.com');
INSERT INTO utilizador values ('nome645@outlook.com.pt', 'asADSsadsaXZCPF');
INSERT INTO utilizador_certificado values ('nome645@outlook.com.pt');
INSERT INTO utilizador values ('nome728@gmail.com', 'asADSsadsaXZCPF');
INSERT INTO utilizador_certificado values ('nome728@gmail.com');
INSERT INTO utilizador values ('nome735@hotmail.com', 'password');
INSERT INTO utilizador_certificado values ('nome735@hotmail.com');
INSERT INTO utilizador values ('nome787@outlook.com.pt', '123');
INSERT INTO utilizador_certificado values ('nome787@outlook.com.pt');
INSERT INTO utilizador values ('nome830@gmail.com', 'panados');
INSERT INTO utilizador_certificado values ('nome830@gmail.com');
INSERT INTO utilizador values ('nome852@hotmail.com', 'paopao');
INSERT INTO utilizador_certificado values ('nome852@hotmail.com');
INSERT INTO utilizador values ('nome828@outlook.com.pt', 'paopao');
INSERT INTO utilizador_certificado values ('nome828@outlook.com.pt');
INSERT INTO utilizador values ('nome963@gmail.com', 'asADSsadsaXZCPF');
INSERT INTO utilizador_certificado values ('nome963@gmail.com');
INSERT INTO utilizador values ('nome952@hotmail.com', 'password');
INSERT INTO utilizador_certificado values ('nome952@hotmail.com');
INSERT INTO utilizador values ('nome979@outlook.com.pt', '123sadiujkasdq');
INSERT INTO utilizador_certificado values ('nome979@outlook.com.pt');
INSERT INTO utilizador values ('nome1074@gmail.com', '123sadiujkasdq');
INSERT INTO utilizador_certificado values ('nome1074@gmail.com');
INSERT INTO utilizador values ('nome1090@hotmail.com', '123sadiujkasdq');
INSERT INTO utilizador_certificado values ('nome1090@hotmail.com');
INSERT INTO utilizador values ('nome1044@outlook.com.pt', 'panados');
INSERT INTO utilizador_certificado values ('nome1044@outlook.com.pt');
INSERT INTO utilizador values ('nome1146@gmail.com', '123sadiujkasdq');
INSERT INTO utilizador_certificado values ('nome1146@gmail.com');
INSERT INTO utilizador values ('nome1111@hotmail.com', 'paopao');
INSERT INTO utilizador_certificado values ('nome1111@hotmail.com');
INSERT INTO utilizador values ('nome1145@outlook.com.pt', 'panados');
INSERT INTO utilizador_certificado values ('nome1145@outlook.com.pt');
INSERT INTO utilizador values ('nome1217@gmail.com', 'paopao');
INSERT INTO utilizador_certificado values ('nome1217@gmail.com');
INSERT INTO utilizador values ('nome1222@hotmail.com', 'panados');
INSERT INTO utilizador_certificado values ('nome1222@hotmail.com');
INSERT INTO utilizador values ('nome1287@outlook.com.pt', 'asADSsadsaXZCPF');
INSERT INTO utilizador_certificado values ('nome1287@outlook.com.pt');
INSERT INTO utilizador values ('nome1396@gmail.com', 'paopao');
INSERT INTO utilizador_certificado values ('nome1396@gmail.com');
INSERT INTO utilizador values ('nome1339@hotmail.com', 'asADSsadsaXZCPF');
INSERT INTO utilizador_certificado values ('nome1339@hotmail.com');
INSERT INTO utilizador values ('nome135@outlook.com.pt', 'password');
INSERT INTO utilizador_certificado values ('nome135@outlook.com.pt');
INSERT INTO utilizador values ('nome1427@gmail.com', 'panados');
INSERT INTO utilizador_certificado values ('nome1427@gmail.com');
INSERT INTO utilizador values ('nome1469@hotmail.com', 'panados');
INSERT INTO utilizador_certificado values ('nome1469@hotmail.com');
INSERT INTO utilizador values ('nome141@outlook.com.pt', '123');
INSERT INTO utilizador_certificado values ('nome141@outlook.com.pt');

--users regular
INSERT INTO utilizador values ('nome1534@gmail.com', '123');
INSERT INTO utilizador_regular values ('nome1534@gmail.com');
INSERT INTO utilizador values ('nome1545@hotmail.com', '123sadiujkasdq');
INSERT INTO utilizador_regular values ('nome1545@hotmail.com');
INSERT INTO utilizador values ('nome1545@outlook.com.pt', '123');
INSERT INTO utilizador_regular values ('nome1545@outlook.com.pt');
INSERT INTO utilizador values ('nome1689@gmail.com', 'paopao');
INSERT INTO utilizador_regular values ('nome1689@gmail.com');
INSERT INTO utilizador values ('nome1663@hotmail.com', 'paopao');
INSERT INTO utilizador_regular values ('nome1663@hotmail.com');
INSERT INTO utilizador values ('nome160@outlook.com.pt', '123sadiujkasdq');
INSERT INTO utilizador_regular values ('nome160@outlook.com.pt');
INSERT INTO utilizador values ('nome1718@gmail.com', 'asADSsadsaXZCPF');
INSERT INTO utilizador_regular values ('nome1718@gmail.com');
INSERT INTO utilizador values ('nome1775@hotmail.com', 'asADSsadsaXZCPF');
INSERT INTO utilizador_regular values ('nome1775@hotmail.com');
INSERT INTO utilizador values ('nome1753@outlook.com.pt', '123');
INSERT INTO utilizador_regular values ('nome1753@outlook.com.pt');
INSERT INTO utilizador values ('nome1858@gmail.com', 'paopao');
INSERT INTO utilizador_regular values ('nome1858@gmail.com');
INSERT INTO utilizador values ('nome1865@hotmail.com', 'paopao');
INSERT INTO utilizador_regular values ('nome1865@hotmail.com');
INSERT INTO utilizador values ('nome1896@outlook.com.pt', '123');
INSERT INTO utilizador_regular values ('nome1896@outlook.com.pt');
INSERT INTO utilizador values ('nome1920@gmail.com', 'paopao');
INSERT INTO utilizador_regular values ('nome1920@gmail.com');
INSERT INTO utilizador values ('nome1945@hotmail.com', 'paopao');
INSERT INTO utilizador_regular values ('nome1945@hotmail.com');
INSERT INTO utilizador values ('nome1981@outlook.com.pt', '123sadiujkasdq');
INSERT INTO utilizador_regular values ('nome1981@outlook.com.pt');
INSERT INTO utilizador values ('nome2042@gmail.com', 'paopao');
INSERT INTO utilizador_regular values ('nome2042@gmail.com');
INSERT INTO utilizador values ('nome2021@hotmail.com', 'paopao');
INSERT INTO utilizador_regular values ('nome2021@hotmail.com');
INSERT INTO utilizador values ('nome2032@outlook.com.pt', 'password');
INSERT INTO utilizador_regular values ('nome2032@outlook.com.pt');
INSERT INTO utilizador values ('nome216@gmail.com', 'password');
INSERT INTO utilizador_regular values ('nome216@gmail.com');
INSERT INTO utilizador values ('nome2159@hotmail.com', 'panados');
INSERT INTO utilizador_regular values ('nome2159@hotmail.com');
INSERT INTO utilizador values ('nome2110@outlook.com.pt', 'asADSsadsaXZCPF');
INSERT INTO utilizador_regular values ('nome2110@outlook.com.pt');
INSERT INTO utilizador values ('nome2260@gmail.com', 'paopao');
INSERT INTO utilizador_regular values ('nome2260@gmail.com');
INSERT INTO utilizador values ('nome2253@hotmail.com', 'asADSsadsaXZCPF');
INSERT INTO utilizador_regular values ('nome2253@hotmail.com');
INSERT INTO utilizador values ('nome2296@outlook.com.pt', 'password');
INSERT INTO utilizador_regular values ('nome2296@outlook.com.pt');
INSERT INTO utilizador values ('nome2367@gmail.com', 'panados');
INSERT INTO utilizador_regular values ('nome2367@gmail.com');
INSERT INTO utilizador values ('nome2334@hotmail.com', '123');
INSERT INTO utilizador_regular values ('nome2334@hotmail.com');
INSERT INTO utilizador values ('nome2371@outlook.com.pt', '123sadiujkasdq');
INSERT INTO utilizador_regular values ('nome2371@outlook.com.pt');
INSERT INTO utilizador values ('nome2457@gmail.com', 'paopao');
INSERT INTO utilizador_regular values ('nome2457@gmail.com');
INSERT INTO utilizador values ('nome2414@hotmail.com', 'asADSsadsaXZCPF');
INSERT INTO utilizador_regular values ('nome2414@hotmail.com');
INSERT INTO utilizador values ('nome2498@outlook.com.pt', '123sadiujkasdq');
INSERT INTO utilizador_regular values ('nome2498@outlook.com.pt');
INSERT INTO utilizador values ('nome2536@gmail.com', 'paopao');
INSERT INTO utilizador_regular values ('nome2536@gmail.com');
INSERT INTO utilizador values ('nome2587@hotmail.com', '123sadiujkasdq');
INSERT INTO utilizador_regular values ('nome2587@hotmail.com');
INSERT INTO utilizador values ('nome2563@outlook.com.pt', 'panados');
INSERT INTO utilizador_regular values ('nome2563@outlook.com.pt');
INSERT INTO utilizador values ('nome2620@gmail.com', '123');
INSERT INTO utilizador_regular values ('nome2620@gmail.com');
INSERT INTO utilizador values ('nome2691@hotmail.com', '123');
INSERT INTO utilizador_regular values ('nome2691@hotmail.com');
INSERT INTO utilizador values ('nome262@outlook.com.pt', '123sadiujkasdq');
INSERT INTO utilizador_regular values ('nome262@outlook.com.pt');
INSERT INTO utilizador values ('nome2765@gmail.com', 'asADSsadsaXZCPF');
INSERT INTO utilizador_regular values ('nome2765@gmail.com');
INSERT INTO utilizador values ('nome2789@hotmail.com', 'paopao');
INSERT INTO utilizador_regular values ('nome2789@hotmail.com');
INSERT INTO utilizador values ('nome2788@outlook.com.pt', '123sadiujkasdq');
INSERT INTO utilizador_regular values ('nome2788@outlook.com.pt');
INSERT INTO utilizador values ('nome2857@gmail.com', 'paopao');
INSERT INTO utilizador_regular values ('nome2857@gmail.com');
INSERT INTO utilizador values ('nome2888@hotmail.com', '123');
INSERT INTO utilizador_regular values ('nome2888@hotmail.com');
INSERT INTO utilizador values ('nome2890@outlook.com.pt', '123');
INSERT INTO utilizador_regular values ('nome2890@outlook.com.pt');
INSERT INTO utilizador values ('nome2935@gmail.com', 'asADSsadsaXZCPF');
INSERT INTO utilizador_regular values ('nome2935@gmail.com');
INSERT INTO utilizador values ('nome2935@hotmail.com', 'asADSsadsaXZCPF');
INSERT INTO utilizador_regular values ('nome2935@hotmail.com');
INSERT INTO utilizador values ('nome296@outlook.com.pt', '123');
INSERT INTO utilizador_regular values ('nome296@outlook.com.pt');

--locais publicos
INSERT INTO local_publico values (602.4653576096229, 3.5675087610928635, 'cidade1');
INSERT INTO local_publico values (293.87318854510545, 3.781177198337282, 'cidade1');
INSERT INTO local_publico values (153.98924734407836, 55.72061237387316, 'cidade7');
INSERT INTO local_publico values (926.5704669755326, 83.74191769465695, 'cidade7');
INSERT INTO local_publico values (37.64303803157421, 7.899741259544479, 'cidade5');
INSERT INTO local_publico values (344.8990012386548, 97.06305927736182, 'cidade3');
INSERT INTO local_publico values (282.4060566792547, 71.63525754198076, 'cidade7');
INSERT INTO local_publico values (765.6501830219959, 9.166532999986398, 'cidade5');
INSERT INTO local_publico values (256.81878653730485, 78.61555868565186, 'cidade7');
INSERT INTO local_publico values (37.31308743618267, 9.166532999986398, 'cidade8');
INSERT INTO local_publico values (471.45794387670946, 21.28363664348816, 'cidade9');
INSERT INTO local_publico values (248.38055873372312, 68.75984024940144, 'cidade8');
INSERT INTO local_publico values (248.05606455517338, 97.06305927736182, 'cidade3');
INSERT INTO local_publico values (249.67074438713666, 74.14827044297036, 'cidade4');
INSERT INTO local_publico values (378.0272454054631, 78.61555868565186, 'cidade7');
INSERT INTO local_publico values (772.484004810722, 49.40637094881296, 'cidade0');
INSERT INTO local_publico values (349.9802221374748, 7.899741259544479, 'cidade8');
INSERT INTO local_publico values (908.3029091157167, 21.28363664348816, 'cidade8');
INSERT INTO local_publico values (457.86690737177935, 3.5675087610928635, 'cidade3');
INSERT INTO local_publico values (25.267561163130893, 16.153534326109497, 'cidade4');

--anomalias
INSERT INTO anomalia values (189, 'meio', 'test217.jpg', 'PT', '2019-3-16 1:40:47', 'descricao344', 'true');
INSERT INTO anomalia values (118, 'meio', 'test465.jpg', 'PT', '2000-3-23 20:9:14', 'descricao292', 'true');
INSERT INTO anomalia values (131, 'direita', 'test466.jpg', 'PT', '2019-12-17 21:22:49', 'descricao464', 'true');
INSERT INTO anomalia values (184, 'cima', 'test220.jpg', 'CH', '2020-7-9 4:54:23', 'descricao180', 'false');
INSERT INTO anomalia values (13, 'direita', 'test191.jpg', 'PT', '2010-10-11 17:28:41', 'descricao454', 'false');
INSERT INTO anomalia values (77, 'direita', 'test263.jpg', 'FR', '1999-8-16 23:7:45', 'descricao1', 'false');
INSERT INTO anomalia values (481, 'direita', 'test446.jpg', 'CH', '2000-4-25 7:25:10', 'descricao271', 'false');
INSERT INTO anomalia values (222, 'baixo', 'test137.jpg', 'CH', '2010-12-14 6:26:35', 'descricao172', 'true');
INSERT INTO anomalia values (98, 'direita', 'test86.jpg', 'EN', '2000-11-15 2:35:1', 'descricao27', 'false');
INSERT INTO anomalia values (15, 'direita', 'test312.jpg', 'CH', '2000-10-4 21:35:15', 'descricao180', 'true');
INSERT INTO anomalia values (8, 'meio', 'test368.jpg', 'CH', '2000-7-23 20:26:19', 'descricao443', 'true');
INSERT INTO anomalia values (428, 'esquerda', 'test221.jpg', 'FR', '1999-1-20 15:5:26', 'descricao162', 'false');
INSERT INTO anomalia values (66, 'meio', 'test132.jpg', 'EN', '2019-11-22 18:3:52', 'descricao111', 'true');
INSERT INTO anomalia values (414, 'direita', 'test266.jpg', 'GB', '2020-10-1 14:57:55', 'descricao263', 'false');
INSERT INTO anomalia values (75, 'esquerda', 'test27.jpg', 'EN', '2010-5-10 22:18:56', 'descricao435', 'true');
INSERT INTO anomalia values (496, 'direita', 'test100.jpg', 'CH', '2020-1-8 11:12:23', 'descricao249', 'true');
INSERT INTO anomalia values (301, 'baixo', 'test336.jpg', 'CH', '1999-4-13 7:41:31', 'descricao38', 'true');
INSERT INTO anomalia values (473, 'meio', 'test57.jpg', 'CH', '2020-12-11 10:59:4', 'descricao448', 'false');
INSERT INTO anomalia values (239, 'direita', 'test166.jpg', 'PT', '2010-7-22 5:56:6', 'descricao184', 'true');
INSERT INTO anomalia values (292, 'esquerda', 'test177.jpg', 'GB', '2000-7-1 1:49:30', 'descricao333', 'false');
INSERT INTO anomalia values (173, 'direita', 'test220.jpg', 'CH', '2000-1-17 20:31:53', 'descricao271', 'true');
INSERT INTO anomalia values (335, 'baixo', 'test217.jpg', 'PT', '2019-1-12 18:42:23', 'descricao38', 'false');
INSERT INTO anomalia values (348, 'baixo', 'test105.jpg', 'EN', '2010-9-14 0:31:46', 'descricao371', 'false');
INSERT INTO anomalia values (308, 'esquerda', 'test176.jpg', 'CH', '2000-10-11 2:34:1', 'descricao358', 'true');
INSERT INTO anomalia values (342, 'baixo', 'test132.jpg', 'FR', '1999-2-25 1:37:27', 'descricao288', 'true');
INSERT INTO anomalia values (49, 'cima', 'test434.jpg', 'GB', '2010-9-18 8:11:57', 'descricao111', 'true');
INSERT INTO anomalia values (370, 'cima', 'test192.jpg', 'GB', '2000-10-23 18:47:53', 'descricao60', 'false');
INSERT INTO anomalia values (176, 'esquerda', 'test116.jpg', 'CH', '2020-6-20 0:8:54', 'descricao217', 'false');
INSERT INTO anomalia values (6, 'baixo', 'test220.jpg', 'EN', '1999-7-15 12:39:30', 'descricao60', 'false');
INSERT INTO anomalia values (398, 'baixo', 'test186.jpg', 'GB', '1999-10-15 11:37:45', 'descricao330', 'false');
INSERT INTO anomalia values (274, 'esquerda', 'test358.jpg', 'PT', '2010-11-8 5:8:28', 'descricao443', 'false');
INSERT INTO anomalia values (419, 'direita', 'test152.jpg', 'PT', '2020-11-18 4:10:30', 'descricao27', 'false');
INSERT INTO anomalia values (140, 'direita', 'test342.jpg', 'FR', '2000-1-22 15:33:48', 'descricao371', 'true');
INSERT INTO anomalia values (93, 'meio', 'test177.jpg', 'FR', '1999-3-6 21:40:42', 'descricao162', 'true');
INSERT INTO anomalia values (189, 'cima', 'test115.jpg', 'PT', '2000-10-5 16:57:58', 'descricao246', 'false');
INSERT INTO anomalia values (61, 'direita', 'test132.jpg', 'FR', '2019-11-15 5:32:24', 'descricao131', 'true');
INSERT INTO anomalia values (146, 'baixo', 'test18.jpg', 'GB', '2010-9-27 6:3:59', 'descricao306', 'false');
INSERT INTO anomalia values (229, 'esquerda', 'test299.jpg', 'PT', '2020-11-8 19:33:49', 'descricao292', 'false');
INSERT INTO anomalia values (309, 'direita', 'test123.jpg', 'EN', '2020-4-6 15:0:29', 'descricao207', 'false');
INSERT INTO anomalia values (22, 'baixo', 'test342.jpg', 'EN', '2010-6-7 8:41:17', 'descricao158', 'false');
INSERT INTO anomalia values (113, 'cima', 'test16.jpg', 'GB', '1999-1-15 7:50:28', 'descricao338', 'false');
INSERT INTO anomalia values (386, 'baixo', 'test86.jpg', 'CH', '2000-2-15 13:38:14', 'descricao448', 'false');
INSERT INTO anomalia values (231, 'cima', 'test82.jpg', 'CH', '2000-1-7 22:20:10', 'descricao225', 'false');
INSERT INTO anomalia values (119, 'cima', 'test23.jpg', 'FR', '2019-6-22 4:57:17', 'descricao263', 'true');
INSERT INTO anomalia values (260, 'direita', 'test441.jpg', 'GB', '2019-10-21 10:4:33', 'descricao333', 'false');
INSERT INTO anomalia values (369, 'baixo', 'test312.jpg', 'PT', '2019-2-18 6:24:53', 'descricao370', 'true');
INSERT INTO anomalia values (454, 'meio', 'test166.jpg', 'CH', '2019-5-5 15:5:28', 'descricao249', 'false');
INSERT INTO anomalia values (433, 'direita', 'test476.jpg', 'CH', '2010-6-12 13:4:12', 'descricao86', 'true');
INSERT INTO anomalia values (184, 'direita', 'test124.jpg', 'PT', '2019-1-4 3:48:34', 'descricao212', 'true');
INSERT INTO anomalia values (329, 'baixo', 'test86.jpg', 'GB', '2010-5-1 7:31:34', 'descricao330', 'false');
INSERT INTO anomalia values (495, 'direita', 'test259.jpg', 'GB', '2020-11-14 8:55:4', 'descricao134', 'true');
INSERT INTO anomalia values (467, 'direita', 'test100.jpg', 'EN', '2019-6-2 16:13:6', 'descricao370', 'true');
INSERT INTO anomalia values (341, 'meio', 'test325.jpg', 'PT', '2010-5-5 23:39:36', 'descricao338', 'true');
INSERT INTO anomalia values (375, 'cima', 'test259.jpg', 'EN', '1999-7-1 13:20:19', 'descricao158', 'true');
INSERT INTO anomalia values (56, 'meio', 'test280.jpg', 'CH', '2010-2-25 8:26:3', 'descricao239', 'true');
INSERT INTO anomalia values (285, 'baixo', 'test343.jpg', 'CH', '2019-12-2 1:24:27', 'descricao344', 'true');
INSERT INTO anomalia values (487, 'baixo', 'test23.jpg', 'PT', '1999-5-7 8:52:58', 'descricao448', 'true');
INSERT INTO anomalia values (276, 'direita', 'test223.jpg', 'CH', '2020-10-27 12:36:41', 'descricao326', 'true');
INSERT INTO anomalia values (172, 'meio', 'test179.jpg', 'FR', '2019-6-22 4:57:17', 'descricao292', 'false');
INSERT INTO anomalia values (61, 'direita', 'test23.jpg', 'GB', '1999-1-3 22:1:27', 'descricao249', 'false');
INSERT INTO anomalia values (495, 'meio', 'test340.jpg', 'FR', '2000-7-6 6:16:15', 'descricao112', 'false');
INSERT INTO anomalia values (373, 'direita', 'test151.jpg', 'FR', '2000-6-23 23:55:30', 'descricao88', 'true');
INSERT INTO anomalia values (422, 'direita', 'test186.jpg', 'PT', '2019-7-2 2:16:41', 'descricao111', 'true');
INSERT INTO anomalia values (448, 'meio', 'test383.jpg', 'PT', '1999-2-2 10:7:49', 'descricao385', 'true');
INSERT INTO anomalia values (148, 'cima', 'test27.jpg', 'PT', '1999-3-18 10:40:55', 'descricao292', 'false');
INSERT INTO anomalia values (136, 'baixo', 'test27.jpg', 'PT', '2020-2-22 5:6:56', 'descricao385', 'false');
INSERT INTO anomalia values (109, 'esquerda', 'test171.jpg', 'CH', '2010-8-9 6:56:34', 'descricao134', 'false');
INSERT INTO anomalia values (465, 'esquerda', 'test81.jpg', 'PT', '2010-5-18 19:46:1', 'descricao72', 'true');
INSERT INTO anomalia values (8, 'direita', 'test437.jpg', 'PT', '2020-7-25 9:5:52', 'descricao326', 'false');
INSERT INTO anomalia values (249, 'meio', 'test212.jpg', 'PT', '2020-4-8 13:24:0', 'descricao217', 'true');
INSERT INTO anomalia values (158, 'esquerda', 'test325.jpg', 'GB', '2020-3-17 19:25:37', 'descricao395', 'false');
INSERT INTO anomalia values (27, 'direita', 'test318.jpg', 'EN', '2019-8-24 21:16:35', 'descricao160', 'true');
INSERT INTO anomalia values (253, 'baixo', 'test208.jpg', 'EN', '1999-10-26 6:8:45', 'descricao271', 'false');
INSERT INTO anomalia values (84, 'direita', 'test272.jpg', 'CH', '1999-10-9 19:47:15', 'descricao60', 'false');
INSERT INTO anomalia values (414, 'cima', 'test232.jpg', 'FR', '2000-12-11 0:40:37', 'descricao274', 'true');
INSERT INTO anomalia values (396, 'meio', 'test278.jpg', 'GB', '2020-12-7 0:29:39', 'descricao122', 'true');
INSERT INTO anomalia values (72, 'meio', 'test346.jpg', 'CH', '2020-12-14 6:59:34', 'descricao383', 'false');
INSERT INTO anomalia values (397, 'esquerda', 'test331.jpg', 'FR', '2010-5-2 3:22:9', 'descricao249', 'true');
INSERT INTO anomalia values (301, 'direita', 'test115.jpg', 'CH', '1999-5-20 21:51:24', 'descricao333', 'false');
INSERT INTO anomalia values (478, 'cima', 'test108.jpg', 'FR', '2000-4-3 7:4:15', 'descricao134', 'true');
INSERT INTO anomalia values (96, 'direita', 'test37.jpg', 'FR', '2019-10-7 0:47:26', 'descricao112', 'false');
INSERT INTO anomalia values (63, 'direita', 'test259.jpg', 'FR', '2010-5-17 15:38:22', 'descricao88', 'true');
INSERT INTO anomalia values (479, 'meio', 'test342.jpg', 'PT', '1999-12-24 15:37:56', 'descricao260', 'true');
INSERT INTO anomalia values (427, 'meio', 'test56.jpg', 'CH', '2000-9-19 21:24:40', 'descricao48', 'false');
INSERT INTO anomalia values (182, 'direita', 'test170.jpg', 'PT', '1999-9-5 7:22:41', 'descricao233', 'false');
INSERT INTO anomalia values (445, 'cima', 'test312.jpg', 'PT', '2010-6-14 17:0:36', 'descricao48', 'true');
INSERT INTO anomalia values (356, 'baixo', 'test186.jpg', 'GB', '2000-5-22 9:1:17', 'descricao434', 'true');
INSERT INTO anomalia values (70, 'esquerda', 'test82.jpg', 'FR', '2020-7-1 1:14:35', 'descricao246', 'false');
INSERT INTO anomalia values (87, 'direita', 'test259.jpg', 'GB', '2010-6-18 3:52:30', 'descricao239', 'false');
INSERT INTO anomalia values (406, 'direita', 'test215.jpg', 'EN', '2010-4-16 18:18:22', 'descricao324', 'true');
INSERT INTO anomalia values (155, 'esquerda', 'test476.jpg', 'EN', '2020-8-4 0:33:16', 'descricao100', 'false');
INSERT INTO anomalia values (60, 'esquerda', 'test475.jpg', 'EN', '2019-11-26 4:37:6', 'descricao251', 'false');
INSERT INTO anomalia values (317, 'direita', 'test368.jpg', 'CH', '2020-4-18 12:15:46', 'descricao378', 'false');
INSERT INTO anomalia values (436, 'meio', 'test23.jpg', 'PT', '2019-4-23 11:56:50', 'descricao131', 'false');
INSERT INTO anomalia values (203, 'cima', 'test136.jpg', 'FR', '2020-2-19 4:19:38', 'descricao263', 'false');
INSERT INTO anomalia values (320, 'direita', 'test177.jpg', 'FR', '2019-7-26 1:26:3', 'descricao172', 'false');
INSERT INTO anomalia values (139, 'meio', 'test152.jpg', 'GB', '2010-11-24 0:56:10', 'descricao48', 'false');
INSERT INTO anomalia values (48, 'cima', 'test476.jpg', 'CH', '2000-2-5 14:50:51', 'descricao306', 'true');
INSERT INTO anomalia values (421, 'baixo', 'test297.jpg', 'FR', '2019-1-21 15:34:37', 'descricao326', 'true');
INSERT INTO anomalia values (355, 'meio', 'test31.jpg', 'CH', '2020-2-1 12:20:8', 'descricao313', 'false');

--anomalias traducao
INSERT INTO anomalia_traducao values (77, 'baixo', 'GB');
INSERT INTO anomalia_traducao values (481, 'cima', 'FR');
INSERT INTO anomalia_traducao values (98, 'cima', 'GB');
INSERT INTO anomalia_traducao values (414, 'meio', 'FR');
INSERT INTO anomalia_traducao values (473, 'meio', 'EN');
INSERT INTO anomalia_traducao values (335, 'meio', 'CH');
INSERT INTO anomalia_traducao values (348, 'direita', 'FR');
INSERT INTO anomalia_traducao values (370, 'esquerda', 'PT');
INSERT INTO anomalia_traducao values (398, 'cima', 'GB');
INSERT INTO anomalia_traducao values (419, 'cima', 'GB');
INSERT INTO anomalia_traducao values (189, 'direita', 'EN');
INSERT INTO anomalia_traducao values (309, 'cima', 'FR');
INSERT INTO anomalia_traducao values (386, 'baixo', 'CH');
INSERT INTO anomalia_traducao values (231, 'esquerda', 'GB');
INSERT INTO anomalia_traducao values (260, 'cima', 'CH');
INSERT INTO anomalia_traducao values (61, 'direita', 'CH');
INSERT INTO anomalia_traducao values (148, 'baixo', 'CH');
INSERT INTO anomalia_traducao values (136, 'meio', 'EN');
INSERT INTO anomalia_traducao values (8, 'cima', 'GB');
INSERT INTO anomalia_traducao values (158, 'esquerda', 'FR');
INSERT INTO anomalia_traducao values (253, 'meio', 'FR');
INSERT INTO anomalia_traducao values (84, 'direita', 'PT');
INSERT INTO anomalia_traducao values (72, 'baixo', 'GB');
INSERT INTO anomalia_traducao values (70, 'cima', 'CH');
INSERT INTO anomalia_traducao values (60, 'direita', 'CH');
INSERT INTO anomalia_traducao values (320, 'baixo', 'FR');
INSERT INTO anomalia_traducao values (355, 'baixo', 'CH');

--items
INSERT INTO item values (29, 'descricao184', 'cidade5', 378.0272454054631, 78.61555868565186);
INSERT INTO item values (118, 'descricao184', 'cidade2', 926.5704669755326, 83.74191769465695);
INSERT INTO item values (412, 'descricao95', 'cidade4', 471.45794387670946, 21.28363664348816);
INSERT INTO item values (40, 'descricao180', 'cidade0', 293.87318854510545, 3.781177198337282);
INSERT INTO item values (139, 'descricao378', 'cidade2', 378.0272454054631, 78.61555868565186);
INSERT INTO item values (230, 'descricao260', 'cidade2', 765.6501830219959, 9.166532999986398);
INSERT INTO item values (437, 'descricao330', 'cidade0', 926.5704669755326, 83.74191769465695);
INSERT INTO item values (183, 'descricao96', 'cidade0', 926.5704669755326, 83.74191769465695);
INSERT INTO item values (197, 'descricao162', 'cidade9', 282.4060566792547, 71.63525754198076);
INSERT INTO item values (19, 'descricao217', 'cidade1', 37.64303803157421, 7.899741259544479);
INSERT INTO item values (356, 'descricao233', 'cidade8', 248.38055873372312, 68.75984024940144);
INSERT INTO item values (275, 'descricao10', 'cidade9', 926.5704669755326, 83.74191769465695);
INSERT INTO item values (469, 'descricao197', 'cidade8', 248.05606455517338, 97.06305927736182);
INSERT INTO item values (126, 'descricao112', 'cidade2', 926.5704669755326, 83.74191769465695);
INSERT INTO item values (33, 'descricao88', 'cidade0', 282.4060566792547, 71.63525754198076);
INSERT INTO item values (231, 'descricao212', 'cidade8', 249.67074438713666, 74.14827044297036);
INSERT INTO item values (39, 'descricao263', 'cidade8', 37.31308743618267, 9.166532999986398);
INSERT INTO item values (262, 'descricao48', 'cidade3', 602.4653576096229, 3.5675087610928635);
INSERT INTO item values (19, 'descricao217', 'cidade8', 772.484004810722, 49.40637094881296);
INSERT INTO item values (181, 'descricao324', 'cidade0', 602.4653576096229, 3.5675087610928635);
INSERT INTO item values (41, 'descricao333', 'cidade2', 248.05606455517338, 97.06305927736182);
INSERT INTO item values (359, 'descricao333', 'cidade1', 457.86690737177935, 3.5675087610928635);
INSERT INTO item values (28, 'descricao448', 'cidade0', 765.6501830219959, 9.166532999986398);
INSERT INTO item values (121, 'descricao86', 'cidade3', 471.45794387670946, 21.28363664348816);
INSERT INTO item values (331, 'descricao160', 'cidade6', 457.86690737177935, 3.5675087610928635);
INSERT INTO item values (180, 'descricao71', 'cidade8', 25.267561163130893, 16.153534326109497);
INSERT INTO item values (28, 'descricao134', 'cidade3', 153.98924734407836, 55.72061237387316);
INSERT INTO item values (255, 'descricao183', 'cidade1', 153.98924734407836, 55.72061237387316);
INSERT INTO item values (388, 'descricao100', 'cidade6', 256.81878653730485, 78.61555868565186);
INSERT INTO item values (293, 'descricao10', 'cidade3', 349.9802221374748, 7.899741259544479);
INSERT INTO item values (357, 'descricao233', 'cidade4', 153.98924734407836, 55.72061237387316);
INSERT INTO item values (157, 'descricao345', 'cidade2', 293.87318854510545, 3.781177198337282);
INSERT INTO item values (333, 'descricao71', 'cidade0', 344.8990012386548, 97.06305927736182);
INSERT INTO item values (426, 'descricao17', 'cidade5', 908.3029091157167, 21.28363664348816);
INSERT INTO item values (67, 'descricao370', 'cidade3', 602.4653576096229, 3.5675087610928635);
INSERT INTO item values (54, 'descricao313', 'cidade5', 249.67074438713666, 74.14827044297036);
INSERT INTO item values (462, 'descricao131', 'cidade6', 457.86690737177935, 3.5675087610928635);
INSERT INTO item values (351, 'descricao249', 'cidade2', 293.87318854510545, 3.781177198337282);
INSERT INTO item values (47, 'descricao101', 'cidade5', 293.87318854510545, 3.781177198337282);
INSERT INTO item values (473, 'descricao86', 'cidade8', 344.8990012386548, 97.06305927736182);
INSERT INTO item values (461, 'descricao158', 'cidade5', 25.267561163130893, 16.153534326109497);
INSERT INTO item values (200, 'descricao183', 'cidade8', 378.0272454054631, 78.61555868565186);
INSERT INTO item values (291, 'descricao369', 'cidade4', 471.45794387670946, 21.28363664348816);
INSERT INTO item values (331, 'descricao290', 'cidade9', 457.86690737177935, 3.5675087610928635);
INSERT INTO item values (265, 'descricao249', 'cidade4', 293.87318854510545, 3.781177198337282);
INSERT INTO item values (431, 'descricao17', 'cidade7', 926.5704669755326, 83.74191769465695);
INSERT INTO item values (346, 'descricao101', 'cidade4', 25.267561163130893, 16.153534326109497);
INSERT INTO item values (352, 'descricao146', 'cidade2', 349.9802221374748, 7.899741259544479);
INSERT INTO item values (448, 'descricao443', 'cidade4', 908.3029091157167, 21.28363664348816);
INSERT INTO item values (374, 'descricao448', 'cidade5', 378.0272454054631, 78.61555868565186);
INSERT INTO item values (209, 'descricao172', 'cidade5', 349.9802221374748, 7.899741259544479);
INSERT INTO item values (84, 'descricao246', 'cidade4', 344.8990012386548, 97.06305927736182);
INSERT INTO item values (357, 'descricao251', 'cidade2', 249.67074438713666, 74.14827044297036);
INSERT INTO item values (481, 'descricao172', 'cidade8', 602.4653576096229, 3.5675087610928635);
INSERT INTO item values (391, 'descricao160', 'cidade1', 471.45794387670946, 21.28363664348816);
INSERT INTO item values (468, 'descricao333', 'cidade0', 471.45794387670946, 21.28363664348816);
INSERT INTO item values (112, 'descricao246', 'cidade9', 293.87318854510545, 3.781177198337282);
INSERT INTO item values (163, 'descricao96', 'cidade1', 926.5704669755326, 83.74191769465695);
INSERT INTO item values (194, 'descricao389', 'cidade8', 772.484004810722, 49.40637094881296);
INSERT INTO item values (297, 'descricao72', 'cidade7', 457.86690737177935, 3.5675087610928635);
INSERT INTO item values (234, 'descricao395', 'cidade2', 249.67074438713666, 74.14827044297036);
INSERT INTO item values (62, 'descricao95', 'cidade6', 765.6501830219959, 9.166532999986398);
INSERT INTO item values (198, 'descricao134', 'cidade1', 602.4653576096229, 3.5675087610928635);
INSERT INTO item values (74, 'descricao358', 'cidade6', 37.64303803157421, 7.899741259544479);
INSERT INTO item values (359, 'descricao434', 'cidade7', 256.81878653730485, 78.61555868565186);
INSERT INTO item values (488, 'descricao306', 'cidade8', 772.484004810722, 49.40637094881296);
INSERT INTO item values (71, 'descricao333', 'cidade9', 282.4060566792547, 71.63525754198076);
INSERT INTO item values (231, 'descricao225', 'cidade1', 908.3029091157167, 21.28363664348816);
INSERT INTO item values (324, 'descricao246', 'cidade0', 772.484004810722, 49.40637094881296);
INSERT INTO item values (341, 'descricao131', 'cidade0', 256.81878653730485, 78.61555868565186);
INSERT INTO item values (129, 'descricao101', 'cidade3', 249.67074438713666, 74.14827044297036);
INSERT INTO item values (208, 'descricao86', 'cidade9', 153.98924734407836, 55.72061237387316);
INSERT INTO item values (83, 'descricao158', 'cidade1', 471.45794387670946, 21.28363664348816);
INSERT INTO item values (148, 'descricao184', 'cidade6', 293.87318854510545, 3.781177198337282);
INSERT INTO item values (72, 'descricao197', 'cidade8', 282.4060566792547, 71.63525754198076);
INSERT INTO item values (183, 'descricao330', 'cidade4', 457.86690737177935, 3.5675087610928635);
INSERT INTO item values (214, 'descricao246', 'cidade2', 25.267561163130893, 16.153534326109497);
INSERT INTO item values (263, 'descricao463', 'cidade7', 908.3029091157167, 21.28363664348816);
INSERT INTO item values (294, 'descricao146', 'cidade9', 772.484004810722, 49.40637094881296);
INSERT INTO item values (360, 'descricao13', 'cidade6', 772.484004810722, 49.40637094881296);
INSERT INTO item values (440, 'descricao263', 'cidade9', 282.4060566792547, 71.63525754198076);
INSERT INTO item values (287, 'descricao338', 'cidade0', 349.9802221374748, 7.899741259544479);
INSERT INTO item values (434, 'descricao291', 'cidade8', 908.3029091157167, 21.28363664348816);
INSERT INTO item values (421, 'descricao371', 'cidade5', 248.38055873372312, 68.75984024940144);
INSERT INTO item values (100, 'descricao383', 'cidade9', 25.267561163130893, 16.153534326109497);
INSERT INTO item values (459, 'descricao86', 'cidade6', 282.4060566792547, 71.63525754198076);
INSERT INTO item values (117, 'descricao60', 'cidade9', 378.0272454054631, 78.61555868565186);
INSERT INTO item values (138, 'descricao134', 'cidade2', 926.5704669755326, 83.74191769465695);
INSERT INTO item values (120, 'descricao324', 'cidade1', 926.5704669755326, 83.74191769465695);
INSERT INTO item values (246, 'descricao271', 'cidade8', 772.484004810722, 49.40637094881296);
INSERT INTO item values (288, 'descricao464', 'cidade4', 471.45794387670946, 21.28363664348816);
INSERT INTO item values (172, 'descricao326', 'cidade6', 378.0272454054631, 78.61555868565186);
INSERT INTO item values (219, 'descricao17', 'cidade2', 457.86690737177935, 3.5675087610928635);
INSERT INTO item values (106, 'descricao443', 'cidade4', 926.5704669755326, 83.74191769465695);
INSERT INTO item values (498, 'descricao86', 'cidade6', 471.45794387670946, 21.28363664348816);
INSERT INTO item values (445, 'descricao345', 'cidade7', 153.98924734407836, 55.72061237387316);
INSERT INTO item values (250, 'descricao271', 'cidade4', 908.3029091157167, 21.28363664348816);
INSERT INTO item values (482, 'descricao464', 'cidade8', 457.86690737177935, 3.5675087610928635);
INSERT INTO item values (438, 'descricao291', 'cidade6', 37.31308743618267, 9.166532999986398);
INSERT INTO item values (158, 'descricao454', 'cidade8', 344.8990012386548, 97.06305927736182);

--duplicados
INSERT INTO duplicado values (29, 118);
INSERT INTO duplicado values (40, 412);
INSERT INTO duplicado values (437, 469);
INSERT INTO duplicado values (197, 230);
INSERT INTO duplicado values (275, 356);
INSERT INTO duplicado values (231, 262);
INSERT INTO duplicado values (231, 359);
INSERT INTO duplicado values (19, 139);
INSERT INTO duplicado values (19, 126);
INSERT INTO duplicado values (331, 388);
INSERT INTO duplicado values (331, 333);
INSERT INTO duplicado values (28, 183);
INSERT INTO duplicado values (28, 39);
INSERT INTO duplicado values (426, 462);
INSERT INTO duplicado values (54, 181);
INSERT INTO duplicado values (473, 481);
INSERT INTO duplicado values (200, 255);
INSERT INTO duplicado values (431, 461);
INSERT INTO duplicado values (448, 468);
INSERT INTO duplicado values (209, 293);
INSERT INTO duplicado values (391, 488);
INSERT INTO duplicado values (163, 180);
INSERT INTO duplicado values (234, 357);
INSERT INTO duplicado values (74, 121);
INSERT INTO duplicado values (324, 351);
INSERT INTO duplicado values (208, 291);
INSERT INTO duplicado values (72, 157);
INSERT INTO duplicado values (263, 265);
INSERT INTO duplicado values (440, 459);
INSERT INTO duplicado values (434, 498);
INSERT INTO duplicado values (100, 346);
INSERT INTO duplicado values (120, 352);
INSERT INTO duplicado values (172, 374);
INSERT INTO duplicado values (445, 482);
INSERT INTO duplicado values (158, 357);

--incidencia
INSERT INTO incidencia values (189, 41, 'nome2260@gmail.com');
INSERT INTO incidencia values (118, 287, 'nome2890@outlook.com.pt');
INSERT INTO incidencia values (131, 287, 'nome2587@hotmail.com');
INSERT INTO incidencia values (184, 62, 'nome2414@hotmail.com');
INSERT INTO incidencia values (13, 112, 'nome1396@gmail.com');
INSERT INTO incidencia values (77, 62, 'nome1044@outlook.com.pt');
INSERT INTO incidencia values (481, 33, 'nome118@gmail.com');
INSERT INTO incidencia values (222, 219, 'nome2371@outlook.com.pt');
INSERT INTO incidencia values (98, 183, 'nome979@outlook.com.pt');
INSERT INTO incidencia values (15, 112, 'nome14@outlook.com.pt');
INSERT INTO incidencia values (8, 287, 'nome1718@gmail.com');
INSERT INTO incidencia values (428, 288, 'nome577@hotmail.com');
INSERT INTO incidencia values (66, 71, 'nome2032@outlook.com.pt');
INSERT INTO incidencia values (414, 138, 'nome1427@gmail.com');
INSERT INTO incidencia values (75, 84, 'nome557@outlook.com.pt');
INSERT INTO incidencia values (496, 288, 'nome262@gmail.com');
INSERT INTO incidencia values (301, 112, 'nome1534@gmail.com');
INSERT INTO incidencia values (473, 359, 'nome2159@hotmail.com');
INSERT INTO incidencia values (239, 33, 'nome423@gmail.com');
INSERT INTO incidencia values (292, 183, 'nome621@hotmail.com');
INSERT INTO incidencia values (173, 106, 'nome2110@outlook.com.pt');
INSERT INTO incidencia values (335, 67, 'nome1534@gmail.com');
INSERT INTO incidencia values (348, 129, 'nome160@outlook.com.pt');
INSERT INTO incidencia values (308, 84, 'nome241@hotmail.com');
INSERT INTO incidencia values (342, 67, 'nome357@gmail.com');
INSERT INTO incidencia values (49, 67, 'nome262@outlook.com.pt');
INSERT INTO incidencia values (370, 250, 'nome1217@gmail.com');
INSERT INTO incidencia values (176, 360, 'nome2498@outlook.com.pt');
INSERT INTO incidencia values (6, 214, 'nome952@hotmail.com');
INSERT INTO incidencia values (398, 33, 'nome262@gmail.com');
INSERT INTO incidencia values (274, 83, 'nome1858@gmail.com');
INSERT INTO incidencia values (419, 33, 'nome2457@gmail.com');
INSERT INTO incidencia values (140, 47, 'nome735@hotmail.com');
INSERT INTO incidencia values (93, 117, 'nome1534@gmail.com');
INSERT INTO incidencia values (189, 194, 'nome1663@hotmail.com');
INSERT INTO incidencia values (61, 71, 'nome2498@outlook.com.pt');
INSERT INTO incidencia values (146, 341, 'nome1396@gmail.com');
INSERT INTO incidencia values (229, 219, 'nome2788@outlook.com.pt');
INSERT INTO incidencia values (309, 129, 'nome830@gmail.com');
INSERT INTO incidencia values (22, 341, 'nome2789@hotmail.com');
INSERT INTO incidencia values (113, 250, 'nome141@outlook.com.pt');
INSERT INTO incidencia values (386, 250, 'nome2414@hotmail.com');
INSERT INTO incidencia values (231, 41, 'nome423@gmail.com');
INSERT INTO incidencia values (119, 287, 'nome2253@hotmail.com');
INSERT INTO incidencia values (260, 341, 'nome645@outlook.com.pt');
INSERT INTO incidencia values (369, 117, 'nome357@hotmail.com');
INSERT INTO incidencia values (454, 106, 'nome2457@gmail.com');
INSERT INTO incidencia values (433, 246, 'nome2371@outlook.com.pt');
INSERT INTO incidencia values (184, 41, 'nome1111@hotmail.com');
INSERT INTO incidencia values (329, 138, 'nome423@gmail.com');
INSERT INTO incidencia values (495, 359, 'nome2857@gmail.com');
INSERT INTO incidencia values (467, 341, 'nome2691@hotmail.com');
INSERT INTO incidencia values (341, 214, 'nome326@outlook.com.pt');
INSERT INTO incidencia values (375, 62, 'nome531@gmail.com');
INSERT INTO incidencia values (56, 117, 'nome423@gmail.com');
INSERT INTO incidencia values (285, 106, 'nome216@gmail.com');
INSERT INTO incidencia values (487, 41, 'nome2620@gmail.com');
INSERT INTO incidencia values (276, 198, 'nome093@outlook.com.pt');
INSERT INTO incidencia values (172, 148, 'nome2888@hotmail.com');
INSERT INTO incidencia values (61, 294, 'nome2371@outlook.com.pt');
INSERT INTO incidencia values (495, 297, 'nome2042@gmail.com');
INSERT INTO incidencia values (373, 129, 'nome2587@hotmail.com');
INSERT INTO incidencia values (422, 138, 'nome1339@hotmail.com');
INSERT INTO incidencia values (448, 359, 'nome1920@gmail.com');
INSERT INTO incidencia values (148, 33, 'nome621@hotmail.com');
INSERT INTO incidencia values (136, 288, 'nome2414@hotmail.com');
INSERT INTO incidencia values (109, 62, 'nome357@hotmail.com');
INSERT INTO incidencia values (465, 194, 'nome728@gmail.com');
INSERT INTO incidencia values (8, 198, 'nome1217@gmail.com');
INSERT INTO incidencia values (249, 106, 'nome2414@hotmail.com');
INSERT INTO incidencia values (158, 438, 'nome963@gmail.com');
INSERT INTO incidencia values (27, 129, 'nome963@gmail.com');
INSERT INTO incidencia values (253, 148, 'nome262@outlook.com.pt');
INSERT INTO incidencia values (84, 246, 'nome952@hotmail.com');
INSERT INTO incidencia values (414, 47, 'nome1044@outlook.com.pt');
INSERT INTO incidencia values (396, 148, 'nome1718@gmail.com');
INSERT INTO incidencia values (72, 360, 'nome2159@hotmail.com');
INSERT INTO incidencia values (397, 198, 'nome1534@gmail.com');
INSERT INTO incidencia values (301, 71, 'nome618@gmail.com');
INSERT INTO incidencia values (478, 194, 'nome2498@outlook.com.pt');
INSERT INTO incidencia values (96, 198, 'nome1044@outlook.com.pt');
INSERT INTO incidencia values (63, 341, 'nome2935@hotmail.com');
INSERT INTO incidencia values (479, 112, 'nome2536@gmail.com');
INSERT INTO incidencia values (427, 360, 'nome2857@gmail.com');
INSERT INTO incidencia values (182, 62, 'nome241@hotmail.com');
INSERT INTO incidencia values (445, 84, 'nome1217@gmail.com');
INSERT INTO incidencia values (356, 214, 'nome1896@outlook.com.pt');
INSERT INTO incidencia values (70, 214, 'nome2253@hotmail.com');
INSERT INTO incidencia values (87, 214, 'nome1339@hotmail.com');
INSERT INTO incidencia values (406, 33, 'nome476@hotmail.com');
INSERT INTO incidencia values (155, 112, 'nome093@outlook.com.pt');
INSERT INTO incidencia values (60, 246, 'nome216@gmail.com');
INSERT INTO incidencia values (317, 297, 'nome645@outlook.com.pt');
INSERT INTO incidencia values (436, 287, 'nome2260@gmail.com');
INSERT INTO incidencia values (203, 294, 'nome2587@hotmail.com');
INSERT INTO incidencia values (320, 246, 'nome2260@gmail.com');
INSERT INTO incidencia values (139, 294, 'nome828@outlook.com.pt');
INSERT INTO incidencia values (48, 246, 'nome2935@gmail.com');
INSERT INTO incidencia values (421, 297, 'nome296@outlook.com.pt');
INSERT INTO incidencia values (355, 214, 'nome1469@hotmail.com');

--proposta_de_correcao
INSERT INTO proposta_de_correcao values ('nome618@gmail.com', 0, '2021-8-3 19:31:25', 'texto127');
INSERT INTO proposta_de_correcao values ('nome1222@hotmail.com', 1, '2022-11-15 15:22:35', 'texto284');
INSERT INTO proposta_de_correcao values ('nome1339@hotmail.com', 2, '2022-12-1 7:49:14', 'texto45');
INSERT INTO proposta_de_correcao values ('nome963@gmail.com', 3, '2021-7-22 10:26:11', 'texto403');
INSERT INTO proposta_de_correcao values ('nome852@hotmail.com', 4, '2022-3-8 1:12:35', 'texto462');
INSERT INTO proposta_de_correcao values ('nome1217@gmail.com', 5, '2022-1-26 9:10:9', 'texto389');
INSERT INTO proposta_de_correcao values ('nome830@gmail.com', 6, '2021-2-23 11:42:45', 'texto173');
INSERT INTO proposta_de_correcao values ('nome1074@gmail.com', 7, '2022-6-26 10:17:12', 'texto42');
INSERT INTO proposta_de_correcao values ('nome1090@hotmail.com', 8, '2021-5-4 13:20:26', 'texto488');
INSERT INTO proposta_de_correcao values ('nome1339@hotmail.com', 9, '2022-2-10 9:5:43', 'texto155');
INSERT INTO proposta_de_correcao values ('nome1427@gmail.com', 10, '2021-8-9 5:59:26', 'texto216');
INSERT INTO proposta_de_correcao values ('nome1145@outlook.com.pt', 11, '2022-9-21 1:14:34', 'texto260');

--correcao
INSERT INTO correcao values ('nome618@gmail.com', 0, 479);
INSERT INTO correcao values ('nome1222@hotmail.com', 1, 341);
INSERT INTO correcao values ('nome1339@hotmail.com', 2, 176);
INSERT INTO correcao values ('nome963@gmail.com', 3, 109);
INSERT INTO correcao values ('nome852@hotmail.com', 4, 96);
INSERT INTO correcao values ('nome1217@gmail.com', 5, 356);
INSERT INTO correcao values ('nome830@gmail.com', 6, 495);
INSERT INTO correcao values ('nome1074@gmail.com', 7, 61);
INSERT INTO correcao values ('nome1090@hotmail.com', 8, 70);
INSERT INTO correcao values ('nome1339@hotmail.com', 9, 386);
INSERT INTO correcao values ('nome1427@gmail.com', 10, 433);
INSERT INTO correcao values ('nome1145@outlook.com.pt', 11, 274);
