--users certificados
INSERT INTO utilizador values ('nome059@gmail.com', 'password');
INSERT INTO utilizador_certificado values ('nome059@gmail.com');
INSERT INTO utilizador values ('nome011@hotmail.com', 'paopao');
INSERT INTO utilizador_certificado values ('nome011@hotmail.com');
INSERT INTO utilizador values ('nome04@outlook.com.pt', 'password');
INSERT INTO utilizador_certificado values ('nome04@outlook.com.pt');
INSERT INTO utilizador values ('nome151@gmail.com', 'panados');
INSERT INTO utilizador_certificado values ('nome151@gmail.com');
INSERT INTO utilizador values ('nome177@hotmail.com', '123sadiujkasdq');
INSERT INTO utilizador_certificado values ('nome177@hotmail.com');
INSERT INTO utilizador values ('nome191@outlook.com.pt', 'panados');
INSERT INTO utilizador_certificado values ('nome191@outlook.com.pt');
INSERT INTO utilizador values ('nome216@gmail.com', 'asADSsadsaXZCPF');
INSERT INTO utilizador_certificado values ('nome216@gmail.com');
INSERT INTO utilizador values ('nome251@hotmail.com', '123');
INSERT INTO utilizador_certificado values ('nome251@hotmail.com');
INSERT INTO utilizador values ('nome217@outlook.com.pt', 'panados');
INSERT INTO utilizador_certificado values ('nome217@outlook.com.pt');
INSERT INTO utilizador values ('nome394@gmail.com', 'paopao');
INSERT INTO utilizador_certificado values ('nome394@gmail.com');
INSERT INTO utilizador values ('nome396@hotmail.com', 'password');
INSERT INTO utilizador_certificado values ('nome396@hotmail.com');
INSERT INTO utilizador values ('nome394@outlook.com.pt', 'panados');
INSERT INTO utilizador_certificado values ('nome394@outlook.com.pt');
INSERT INTO utilizador values ('nome470@gmail.com', 'panados');
INSERT INTO utilizador_certificado values ('nome470@gmail.com');
INSERT INTO utilizador values ('nome45@hotmail.com', 'password');
INSERT INTO utilizador_certificado values ('nome45@hotmail.com');
INSERT INTO utilizador values ('nome419@outlook.com.pt', 'paopao');
INSERT INTO utilizador_certificado values ('nome419@outlook.com.pt');
INSERT INTO utilizador values ('nome597@gmail.com', '123sadiujkasdq');
INSERT INTO utilizador_certificado values ('nome597@gmail.com');
INSERT INTO utilizador values ('nome568@hotmail.com', '123sadiujkasdq');
INSERT INTO utilizador_certificado values ('nome568@hotmail.com');
INSERT INTO utilizador values ('nome526@outlook.com.pt', '123sadiujkasdq');
INSERT INTO utilizador_certificado values ('nome526@outlook.com.pt');
INSERT INTO utilizador values ('nome62@gmail.com', 'paopao');
INSERT INTO utilizador_certificado values ('nome62@gmail.com');
INSERT INTO utilizador values ('nome696@hotmail.com', 'paopao');
INSERT INTO utilizador_certificado values ('nome696@hotmail.com');
INSERT INTO utilizador values ('nome661@outlook.com.pt', '123sadiujkasdq');
INSERT INTO utilizador_certificado values ('nome661@outlook.com.pt');
INSERT INTO utilizador values ('nome714@gmail.com', '123sadiujkasdq');
INSERT INTO utilizador_certificado values ('nome714@gmail.com');
INSERT INTO utilizador values ('nome74@hotmail.com', 'paopao');
INSERT INTO utilizador_certificado values ('nome74@hotmail.com');
INSERT INTO utilizador values ('nome741@outlook.com.pt', 'panados');
INSERT INTO utilizador_certificado values ('nome741@outlook.com.pt');
INSERT INTO utilizador values ('nome847@gmail.com', 'paopao');
INSERT INTO utilizador_certificado values ('nome847@gmail.com');
INSERT INTO utilizador values ('nome864@hotmail.com', 'password');
INSERT INTO utilizador_certificado values ('nome864@hotmail.com');
INSERT INTO utilizador values ('nome81@outlook.com.pt', 'panados');
INSERT INTO utilizador_certificado values ('nome81@outlook.com.pt');
INSERT INTO utilizador values ('nome973@gmail.com', 'paopao');
INSERT INTO utilizador_certificado values ('nome973@gmail.com');
INSERT INTO utilizador values ('nome988@hotmail.com', 'password');
INSERT INTO utilizador_certificado values ('nome988@hotmail.com');
INSERT INTO utilizador values ('nome984@outlook.com.pt', '123');
INSERT INTO utilizador_certificado values ('nome984@outlook.com.pt');
INSERT INTO utilizador values ('nome1044@gmail.com', '123sadiujkasdq');
INSERT INTO utilizador_certificado values ('nome1044@gmail.com');
INSERT INTO utilizador values ('nome1033@hotmail.com', '123');
INSERT INTO utilizador_certificado values ('nome1033@hotmail.com');
INSERT INTO utilizador values ('nome1064@outlook.com.pt', 'asADSsadsaXZCPF');
INSERT INTO utilizador_certificado values ('nome1064@outlook.com.pt');
INSERT INTO utilizador values ('nome1198@gmail.com', 'asADSsadsaXZCPF');
INSERT INTO utilizador_certificado values ('nome1198@gmail.com');
INSERT INTO utilizador values ('nome1123@hotmail.com', 'panados');
INSERT INTO utilizador_certificado values ('nome1123@hotmail.com');
INSERT INTO utilizador values ('nome1117@outlook.com.pt', 'asADSsadsaXZCPF');
INSERT INTO utilizador_certificado values ('nome1117@outlook.com.pt');
INSERT INTO utilizador values ('nome1258@gmail.com', 'paopao');
INSERT INTO utilizador_certificado values ('nome1258@gmail.com');
INSERT INTO utilizador values ('nome1226@hotmail.com', '123');
INSERT INTO utilizador_certificado values ('nome1226@hotmail.com');
INSERT INTO utilizador values ('nome1267@outlook.com.pt', 'panados');
INSERT INTO utilizador_certificado values ('nome1267@outlook.com.pt');
INSERT INTO utilizador values ('nome1364@gmail.com', '123sadiujkasdq');
INSERT INTO utilizador_certificado values ('nome1364@gmail.com');
INSERT INTO utilizador values ('nome1326@hotmail.com', 'password');
INSERT INTO utilizador_certificado values ('nome1326@hotmail.com');
INSERT INTO utilizador values ('nome1335@outlook.com.pt', 'panados');
INSERT INTO utilizador_certificado values ('nome1335@outlook.com.pt');
INSERT INTO utilizador values ('nome1442@gmail.com', 'panados');
INSERT INTO utilizador_certificado values ('nome1442@gmail.com');
INSERT INTO utilizador values ('nome143@hotmail.com', 'password');
INSERT INTO utilizador_certificado values ('nome143@hotmail.com');
INSERT INTO utilizador values ('nome1470@outlook.com.pt', 'password');
INSERT INTO utilizador_certificado values ('nome1470@outlook.com.pt');

--users regular
INSERT INTO utilizador values ('nome1585@gmail.com', '123');
INSERT INTO utilizador_regular values ('nome1585@gmail.com');
INSERT INTO utilizador values ('nome1572@hotmail.com', 'paopao');
INSERT INTO utilizador_regular values ('nome1572@hotmail.com');
INSERT INTO utilizador values ('nome1564@outlook.com.pt', '123');
INSERT INTO utilizador_regular values ('nome1564@outlook.com.pt');
INSERT INTO utilizador values ('nome1629@gmail.com', '123');
INSERT INTO utilizador_regular values ('nome1629@gmail.com');
INSERT INTO utilizador values ('nome1642@hotmail.com', 'panados');
INSERT INTO utilizador_regular values ('nome1642@hotmail.com');
INSERT INTO utilizador values ('nome1638@outlook.com.pt', 'password');
INSERT INTO utilizador_regular values ('nome1638@outlook.com.pt');
INSERT INTO utilizador values ('nome176@gmail.com', '123');
INSERT INTO utilizador_regular values ('nome176@gmail.com');
INSERT INTO utilizador values ('nome1734@hotmail.com', 'paopao');
INSERT INTO utilizador_regular values ('nome1734@hotmail.com');
INSERT INTO utilizador values ('nome1784@outlook.com.pt', 'asADSsadsaXZCPF');
INSERT INTO utilizador_regular values ('nome1784@outlook.com.pt');
INSERT INTO utilizador values ('nome1829@gmail.com', 'panados');
INSERT INTO utilizador_regular values ('nome1829@gmail.com');
INSERT INTO utilizador values ('nome1841@hotmail.com', 'paopao');
INSERT INTO utilizador_regular values ('nome1841@hotmail.com');
INSERT INTO utilizador values ('nome1879@outlook.com.pt', '123sadiujkasdq');
INSERT INTO utilizador_regular values ('nome1879@outlook.com.pt');
INSERT INTO utilizador values ('nome1936@gmail.com', 'paopao');
INSERT INTO utilizador_regular values ('nome1936@gmail.com');
INSERT INTO utilizador values ('nome1921@hotmail.com', 'paopao');
INSERT INTO utilizador_regular values ('nome1921@hotmail.com');
INSERT INTO utilizador values ('nome1955@outlook.com.pt', 'panados');
INSERT INTO utilizador_regular values ('nome1955@outlook.com.pt');
INSERT INTO utilizador values ('nome2044@gmail.com', 'password');
INSERT INTO utilizador_regular values ('nome2044@gmail.com');
INSERT INTO utilizador values ('nome2015@hotmail.com', 'panados');
INSERT INTO utilizador_regular values ('nome2015@hotmail.com');
INSERT INTO utilizador values ('nome2053@outlook.com.pt', 'asADSsadsaXZCPF');
INSERT INTO utilizador_regular values ('nome2053@outlook.com.pt');
INSERT INTO utilizador values ('nome2148@gmail.com', 'password');
INSERT INTO utilizador_regular values ('nome2148@gmail.com');
INSERT INTO utilizador values ('nome2177@hotmail.com', 'asADSsadsaXZCPF');
INSERT INTO utilizador_regular values ('nome2177@hotmail.com');
INSERT INTO utilizador values ('nome2170@outlook.com.pt', 'asADSsadsaXZCPF');
INSERT INTO utilizador_regular values ('nome2170@outlook.com.pt');
INSERT INTO utilizador values ('nome2236@gmail.com', '123sadiujkasdq');
INSERT INTO utilizador_regular values ('nome2236@gmail.com');
INSERT INTO utilizador values ('nome2268@hotmail.com', 'panados');
INSERT INTO utilizador_regular values ('nome2268@hotmail.com');
INSERT INTO utilizador values ('nome2280@outlook.com.pt', '123sadiujkasdq');
INSERT INTO utilizador_regular values ('nome2280@outlook.com.pt');
INSERT INTO utilizador values ('nome2324@gmail.com', 'password');
INSERT INTO utilizador_regular values ('nome2324@gmail.com');
INSERT INTO utilizador values ('nome2371@hotmail.com', 'asADSsadsaXZCPF');
INSERT INTO utilizador_regular values ('nome2371@hotmail.com');
INSERT INTO utilizador values ('nome2358@outlook.com.pt', 'asADSsadsaXZCPF');
INSERT INTO utilizador_regular values ('nome2358@outlook.com.pt');
INSERT INTO utilizador values ('nome2468@gmail.com', 'asADSsadsaXZCPF');
INSERT INTO utilizador_regular values ('nome2468@gmail.com');
INSERT INTO utilizador values ('nome2417@hotmail.com', 'panados');
INSERT INTO utilizador_regular values ('nome2417@hotmail.com');
INSERT INTO utilizador values ('nome2431@outlook.com.pt', 'password');
INSERT INTO utilizador_regular values ('nome2431@outlook.com.pt');
INSERT INTO utilizador values ('nome2554@gmail.com', 'panados');
INSERT INTO utilizador_regular values ('nome2554@gmail.com');
INSERT INTO utilizador values ('nome2533@hotmail.com', 'password');
INSERT INTO utilizador_regular values ('nome2533@hotmail.com');
INSERT INTO utilizador values ('nome2543@outlook.com.pt', 'paopao');
INSERT INTO utilizador_regular values ('nome2543@outlook.com.pt');
INSERT INTO utilizador values ('nome2681@gmail.com', 'panados');
INSERT INTO utilizador_regular values ('nome2681@gmail.com');
INSERT INTO utilizador values ('nome2655@hotmail.com', 'password');
INSERT INTO utilizador_regular values ('nome2655@hotmail.com');
INSERT INTO utilizador values ('nome268@outlook.com.pt', '123sadiujkasdq');
INSERT INTO utilizador_regular values ('nome268@outlook.com.pt');
INSERT INTO utilizador values ('nome2779@gmail.com', 'password');
INSERT INTO utilizador_regular values ('nome2779@gmail.com');
INSERT INTO utilizador values ('nome273@hotmail.com', 'panados');
INSERT INTO utilizador_regular values ('nome273@hotmail.com');
INSERT INTO utilizador values ('nome2797@outlook.com.pt', '123');
INSERT INTO utilizador_regular values ('nome2797@outlook.com.pt');
INSERT INTO utilizador values ('nome282@gmail.com', '123sadiujkasdq');
INSERT INTO utilizador_regular values ('nome282@gmail.com');
INSERT INTO utilizador values ('nome2833@hotmail.com', '123sadiujkasdq');
INSERT INTO utilizador_regular values ('nome2833@hotmail.com');
INSERT INTO utilizador values ('nome2857@outlook.com.pt', 'asADSsadsaXZCPF');
INSERT INTO utilizador_regular values ('nome2857@outlook.com.pt');
INSERT INTO utilizador values ('nome2982@gmail.com', '123');
INSERT INTO utilizador_regular values ('nome2982@gmail.com');
INSERT INTO utilizador values ('nome2941@hotmail.com', 'asADSsadsaXZCPF');
INSERT INTO utilizador_regular values ('nome2941@hotmail.com');
INSERT INTO utilizador values ('nome2998@outlook.com.pt', 'asADSsadsaXZCPF');
INSERT INTO utilizador_regular values ('nome2998@outlook.com.pt');

--locais publicos
INSERT INTO local_publico values (491.33187910738485, 20.00552236403095, 'cidade5');
INSERT INTO local_publico values (487.2772110247344, 93.83343973672265, 'cidade6');
INSERT INTO local_publico values (318.8175368136219, 42.81749530698741, 'cidade7');
INSERT INTO local_publico values (171.3155767180894, 37.90066724582456, 'cidade3');
INSERT INTO local_publico values (952.3899314257416, 95.4441969304595, 'cidade4');
INSERT INTO local_publico values (227.5990219590618, 42.81749530698741, 'cidade5');
INSERT INTO local_publico values (83.41146335421811, 73.3177263346586, 'cidade8');
INSERT INTO local_publico values (142.15545680883912, 47.08686966289586, 'cidade4');
INSERT INTO local_publico values (416.3946111957959, 91.90296068199847, 'cidade6');
INSERT INTO local_publico values (642.8039908406703, 20.839023933782187, 'cidade4');
INSERT INTO local_publico values (676.2755817626902, 27.13632459544656, 'cidade1');
INSERT INTO local_publico values (122.57283438691059, 69.98311578254753, 'cidade1');
INSERT INTO local_publico values (566.2839486450903, 69.98311578254753, 'cidade9');
INSERT INTO local_publico values (305.2446024915271, 40.76801438324363, 'cidade0');
INSERT INTO local_publico values (171.3417073611072, 93.83343973672265, 'cidade1');
INSERT INTO local_publico values (156.14721027707802, 37.90066724582456, 'cidade8');
INSERT INTO local_publico values (367.29280585479495, 91.90296068199847, 'cidade9');
INSERT INTO local_publico values (642.6393695226715, 73.3177263346586, 'cidade0');
INSERT INTO local_publico values (581.201781573252, 40.76801438324363, 'cidade4');
INSERT INTO local_publico values (494.14120842369545, 67.79468935381023, 'cidade5');

--anomalias
INSERT INTO anomalia values (236, 'esquerda', 'test115.jpg', 'FR', '1999-6-4 2:53:20', 'descricao330', 'true');
INSERT INTO anomalia values (114, 'meio', 'test376.jpg', 'PT', '2019-4-24 11:51:50', 'descricao33', 'false');
INSERT INTO anomalia values (450, 'esquerda', 'test352.jpg', 'GB', '2010-4-16 23:60:38', 'descricao214', 'true');
INSERT INTO anomalia values (246, 'direita', 'test376.jpg', 'FR', '1999-9-21 5:19:13', 'descricao371', 'false');
INSERT INTO anomalia values (182, 'meio', 'test14.jpg', 'GB', '2020-9-23 24:24:47', 'descricao444', 'true');
INSERT INTO anomalia values (319, 'baixo', 'test126.jpg', 'GB', '2020-8-20 23:40:17', 'descricao294', 'true');
INSERT INTO anomalia values (140, 'esquerda', 'test461.jpg', 'PT', '2020-10-5 11:8:39', 'descricao177', 'false');
INSERT INTO anomalia values (301, 'esquerda', 'test17.jpg', 'PT', '1999-2-7 23:58:55', 'descricao255', 'false');
INSERT INTO anomalia values (46, 'baixo', 'test287.jpg', 'GB', '2019-7-21 1:37:26', 'descricao14', 'true');
INSERT INTO anomalia values (182, 'baixo', 'test151.jpg', 'EN', '2000-10-24 19:16:60', 'descricao271', 'false');
INSERT INTO anomalia values (174, 'meio', 'test498.jpg', 'CH', '2019-1-22 2:18:17', 'descricao221', 'true');
INSERT INTO anomalia values (352, 'direita', 'test351.jpg', 'EN', '1999-12-23 7:56:17', 'descricao96', 'true');
INSERT INTO anomalia values (366, 'direita', 'test89.jpg', 'GB', '2010-4-6 7:16:2', 'descricao211', 'true');
INSERT INTO anomalia values (231, 'direita', 'test141.jpg', 'PT', '2000-9-18 14:50:7', 'descricao427', 'true');
INSERT INTO anomalia values (460, 'esquerda', 'test216.jpg', 'CH', '2000-11-1 2:6:58', 'descricao306', 'true');
INSERT INTO anomalia values (35, 'baixo', 'test224.jpg', 'GB', '2000-9-8 7:30:25', 'descricao333', 'true');
INSERT INTO anomalia values (98, 'cima', 'test318.jpg', 'GB', '2010-2-5 8:38:23', 'descricao269', 'true');
INSERT INTO anomalia values (47, 'esquerda', 'test451.jpg', 'FR', '2000-9-8 7:30:25', 'descricao97', 'true');
INSERT INTO anomalia values (330, 'esquerda', 'test339.jpg', 'EN', '2000-1-17 20:25:2', 'descricao333', 'false');
INSERT INTO anomalia values (425, 'meio', 'test164.jpg', 'FR', '1999-6-13 21:35:24', 'descricao214', 'true');
INSERT INTO anomalia values (337, 'cima', 'test115.jpg', 'PT', '2019-5-25 2:20:1', 'descricao306', 'false');
INSERT INTO anomalia values (26, 'direita', 'test477.jpg', 'CH', '1999-9-8 22:22:24', 'descricao299', 'false');
INSERT INTO anomalia values (388, 'direita', 'test62.jpg', 'CH', '2019-7-25 2:10:57', 'descricao223', 'true');
INSERT INTO anomalia values (265, 'cima', 'test136.jpg', 'GB', '2000-6-25 13:60:35', 'descricao351', 'false');
INSERT INTO anomalia values (210, 'cima', 'test458.jpg', 'EN', '2019-10-2 21:14:59', 'descricao9', 'false');
INSERT INTO anomalia values (260, 'esquerda', 'test441.jpg', 'EN', '2010-7-7 18:19:51', 'descricao127', 'true');
INSERT INTO anomalia values (336, 'esquerda', 'test462.jpg', 'CH', '2000-11-7 14:46:10', 'descricao221', 'false');
INSERT INTO anomalia values (348, 'direita', 'test228.jpg', 'EN', '2019-3-2 1:24:33', 'descricao447', 'false');
INSERT INTO anomalia values (266, 'esquerda', 'test454.jpg', 'FR', '1999-5-19 13:37:39', 'descricao349', 'false');
INSERT INTO anomalia values (46, 'esquerda', 'test66.jpg', 'FR', '2000-8-3 3:49:3', 'descricao97', 'false');
INSERT INTO anomalia values (70, 'cima', 'test89.jpg', 'CH', '2020-3-22 23:25:30', 'descricao196', 'false');
INSERT INTO anomalia values (310, 'baixo', 'test418.jpg', 'FR', '2020-4-16 3:56:28', 'descricao61', 'false');
INSERT INTO anomalia values (95, 'baixo', 'test398.jpg', 'PT', '2010-7-19 16:35:1', 'descricao96', 'true');
INSERT INTO anomalia values (127, 'direita', 'test101.jpg', 'PT', '2019-3-5 14:47:48', 'descricao269', 'true');
INSERT INTO anomalia values (465, 'direita', 'test177.jpg', 'CH', '1999-10-17 23:19:10', 'descricao158', 'true');
INSERT INTO anomalia values (264, 'esquerda', 'test130.jpg', 'GB', '2010-4-24 11:26:44', 'descricao14', 'true');
INSERT INTO anomalia values (272, 'meio', 'test493.jpg', 'GB', '1999-12-16 4:44:3', 'descricao452', 'false');
INSERT INTO anomalia values (491, 'esquerda', 'test217.jpg', 'CH', '2000-5-11 12:12:49', 'descricao396', 'true');
INSERT INTO anomalia values (331, 'esquerda', 'test17.jpg', 'EN', '2000-10-1 7:6:55', 'descricao344', 'false');
INSERT INTO anomalia values (467, 'cima', 'test246.jpg', 'GB', '2019-10-27 14:3:27', 'descricao425', 'false');
INSERT INTO anomalia values (47, 'baixo', 'test316.jpg', 'FR', '2000-5-11 12:12:49', 'descricao306', 'true');
INSERT INTO anomalia values (174, 'baixo', 'test297.jpg', 'EN', '2020-11-27 12:5:31', 'descricao10', 'false');
INSERT INTO anomalia values (202, 'baixo', 'test348.jpg', 'CH', '1999-7-6 23:35:17', 'descricao437', 'false');
INSERT INTO anomalia values (18, 'baixo', 'test164.jpg', 'EN', '2020-6-21 2:43:2', 'descricao298', 'false');
INSERT INTO anomalia values (498, 'cima', 'test228.jpg', 'EN', '2000-2-18 20:8:35', 'descricao398', 'true');
INSERT INTO anomalia values (164, 'cima', 'test204.jpg', 'GB', '1999-1-1 24:15:26', 'descricao65', 'false');
INSERT INTO anomalia values (6, 'baixo', 'test454.jpg', 'CH', '2000-4-20 14:33:8', 'descricao19', 'false');
INSERT INTO anomalia values (271, 'meio', 'test130.jpg', 'PT', '2010-10-2 6:0:58', 'descricao6', 'false');
INSERT INTO anomalia values (256, 'direita', 'test359.jpg', 'FR', '2020-4-7 24:51:5', 'descricao358', 'true');
INSERT INTO anomalia values (148, 'esquerda', 'test19.jpg', 'CH', '2000-4-15 14:19:37', 'descricao235', 'false');
INSERT INTO anomalia values (379, 'direita', 'test486.jpg', 'GB', '2000-4-25 3:23:52', 'descricao447', 'true');
INSERT INTO anomalia values (303, 'direita', 'test462.jpg', 'FR', '1999-3-23 24:3:24', 'descricao84', 'false');
INSERT INTO anomalia values (60, 'cima', 'test356.jpg', 'CH', '1999-4-8 14:40:17', 'descricao84', 'true');
INSERT INTO anomalia values (75, 'esquerda', 'test48.jpg', 'FR', '1999-3-25 16:17:48', 'descricao62', 'true');
INSERT INTO anomalia values (65, 'direita', 'test151.jpg', 'FR', '2000-7-3 24:20:41', 'descricao41', 'true');
INSERT INTO anomalia values (393, 'esquerda', 'test126.jpg', 'GB', '1999-8-6 4:38:9', 'descricao321', 'true');
INSERT INTO anomalia values (338, 'baixo', 'test62.jpg', 'EN', '2019-10-11 17:26:54', 'descricao437', 'false');
INSERT INTO anomalia values (480, 'meio', 'test50.jpg', 'CH', '2010-8-20 8:1:8', 'descricao398', 'true');
INSERT INTO anomalia values (83, 'baixo', 'test398.jpg', 'GB', '2010-1-23 4:57:10', 'descricao84', 'true');
INSERT INTO anomalia values (354, 'meio', 'test441.jpg', 'GB', '1999-12-4 3:13:24', 'descricao45', 'false');
INSERT INTO anomalia values (429, 'direita', 'test102.jpg', 'PT', '2020-4-20 10:19:35', 'descricao405', 'false');
INSERT INTO anomalia values (438, 'cima', 'test19.jpg', 'FR', '1999-10-22 22:13:23', 'descricao452', 'true');
INSERT INTO anomalia values (209, 'cima', 'test50.jpg', 'CH', '2020-7-22 5:48:31', 'descricao490', 'false');
INSERT INTO anomalia values (455, 'direita', 'test398.jpg', 'PT', '2000-12-2 6:60:15', 'descricao84', 'true');
INSERT INTO anomalia values (22, 'esquerda', 'test48.jpg', 'EN', '2020-9-9 15:35:7', 'descricao271', 'true');
INSERT INTO anomalia values (258, 'meio', 'test126.jpg', 'PT', '2000-8-12 9:25:56', 'descricao10', 'false');
INSERT INTO anomalia values (61, 'baixo', 'test23.jpg', 'FR', '2000-12-9 21:23:11', 'descricao133', 'true');
INSERT INTO anomalia values (350, 'cima', 'test198.jpg', 'GB', '2020-9-12 15:50:11', 'descricao41', 'false');
INSERT INTO anomalia values (19, 'cima', 'test458.jpg', 'GB', '2000-2-21 1:59:47', 'descricao196', 'false');
INSERT INTO anomalia values (292, 'baixo', 'test126.jpg', 'FR', '2010-3-4 5:19:58', 'descricao294', 'false');
INSERT INTO anomalia values (48, 'meio', 'test141.jpg', 'FR', '2019-3-23 22:22:6', 'descricao324', 'false');
INSERT INTO anomalia values (344, 'cima', 'test210.jpg', 'PT', '2010-1-22 11:13:51', 'descricao224', 'true');
INSERT INTO anomalia values (69, 'esquerda', 'test396.jpg', 'PT', '2010-11-17 8:8:58', 'descricao476', 'false');
INSERT INTO anomalia values (466, 'baixo', 'test17.jpg', 'CH', '2020-8-17 21:9:29', 'descricao437', 'true');
INSERT INTO anomalia values (140, 'cima', 'test486.jpg', 'CH', '2010-3-26 5:60:24', 'descricao221', 'false');
INSERT INTO anomalia values (369, 'meio', 'test27.jpg', 'FR', '1999-8-24 22:43:1', 'descricao310', 'true');
INSERT INTO anomalia values (152, 'esquerda', 'test164.jpg', 'EN', '2020-2-26 10:17:29', 'descricao196', 'false');
INSERT INTO anomalia values (359, 'esquerda', 'test4.jpg', 'GB', '1999-12-24 12:2:38', 'descricao330', 'true');
INSERT INTO anomalia values (89, 'cima', 'test253.jpg', 'PT', '1999-10-25 6:1:51', 'descricao346', 'true');
INSERT INTO anomalia values (498, 'meio', 'test81.jpg', 'CH', '1999-9-1 5:50:25', 'descricao114', 'true');
INSERT INTO anomalia values (492, 'meio', 'test102.jpg', 'CH', '2010-12-14 3:32:9', 'descricao97', 'true');
INSERT INTO anomalia values (126, 'baixo', 'test62.jpg', 'EN', '2010-2-3 10:15:10', 'descricao127', 'false');
INSERT INTO anomalia values (479, 'esquerda', 'test141.jpg', 'PT', '2000-10-20 23:21:30', 'descricao22', 'true');
INSERT INTO anomalia values (288, 'baixo', 'test337.jpg', 'EN', '1999-12-15 13:38:41', 'descricao65', 'true');
INSERT INTO anomalia values (236, 'cima', 'test217.jpg', 'CH', '1999-10-12 20:55:21', 'descricao235', 'false');
INSERT INTO anomalia values (288, 'baixo', 'test371.jpg', 'GB', '2020-8-12 15:53:37', 'descricao96', 'true');
INSERT INTO anomalia values (419, 'baixo', 'test99.jpg', 'GB', '2010-11-22 3:24:8', 'descricao25', 'true');
INSERT INTO anomalia values (454, 'meio', 'test19.jpg', 'GB', '2000-9-8 7:30:25', 'descricao185', 'false');
INSERT INTO anomalia values (145, 'direita', 'test461.jpg', 'CH', '2000-10-26 19:22:33', 'descricao255', 'false');
INSERT INTO anomalia values (31, 'esquerda', 'test101.jpg', 'CH', '1999-12-4 3:13:24', 'descricao159', 'false');
INSERT INTO anomalia values (430, 'direita', 'test428.jpg', 'EN', '2000-7-16 21:15:23', 'descricao114', 'false');
INSERT INTO anomalia values (348, 'cima', 'test491.jpg', 'FR', '1999-5-9 5:56:33', 'descricao333', 'false');
INSERT INTO anomalia values (390, 'direita', 'test66.jpg', 'EN', '1999-1-17 22:3:31', 'descricao451', 'true');
INSERT INTO anomalia values (26, 'meio', 'test491.jpg', 'EN', '2000-5-13 7:49:8', 'descricao19', 'false');
INSERT INTO anomalia values (274, 'baixo', 'test98.jpg', 'PT', '2019-5-12 5:34:57', 'descricao65', 'false');
INSERT INTO anomalia values (333, 'esquerda', 'test209.jpg', 'FR', '2019-4-20 1:58:15', 'descricao321', 'false');
INSERT INTO anomalia values (435, 'direita', 'test232.jpg', 'CH', '2000-3-3 7:55:45', 'descricao177', 'true');
INSERT INTO anomalia values (249, 'esquerda', 'test89.jpg', 'CH', '1999-12-22 19:16:25', 'descricao45', 'true');
INSERT INTO anomalia values (277, 'baixo', 'test352.jpg', 'PT', '1999-2-25 14:50:59', 'descricao425', 'false');
INSERT INTO anomalia values (231, 'baixo', 'test217.jpg', 'GB', '1999-4-19 22:42:18', 'descricao447', 'true');

--anomalias traducao
INSERT INTO anomalia_traducao values (114, 'direita', 'EN');
INSERT INTO anomalia_traducao values (301, 'direita', 'GB');
INSERT INTO anomalia_traducao values (182, 'esquerda', 'CH');
INSERT INTO anomalia_traducao values (26, 'baixo', 'EN');
INSERT INTO anomalia_traducao values (265, 'baixo', 'CH');
INSERT INTO anomalia_traducao values (348, 'meio', 'PT');
INSERT INTO anomalia_traducao values (46, 'meio', 'EN');
INSERT INTO anomalia_traducao values (310, 'baixo', 'CH');
INSERT INTO anomalia_traducao values (272, 'baixo', 'EN');
INSERT INTO anomalia_traducao values (164, 'baixo', 'EN');
INSERT INTO anomalia_traducao values (6, 'baixo', 'EN');
INSERT INTO anomalia_traducao values (271, 'cima', 'CH');
INSERT INTO anomalia_traducao values (303, 'direita', 'GB');
INSERT INTO anomalia_traducao values (338, 'meio', 'PT');
INSERT INTO anomalia_traducao values (429, 'esquerda', 'FR');
INSERT INTO anomalia_traducao values (209, 'meio', 'EN');
INSERT INTO anomalia_traducao values (292, 'direita', 'CH');
INSERT INTO anomalia_traducao values (152, 'direita', 'GB');
INSERT INTO anomalia_traducao values (454, 'esquerda', 'CH');
INSERT INTO anomalia_traducao values (145, 'direita', 'FR');
INSERT INTO anomalia_traducao values (31, 'meio', 'FR');
INSERT INTO anomalia_traducao values (430, 'direita', 'CH');
INSERT INTO anomalia_traducao values (348, 'cima', 'EN');
INSERT INTO anomalia_traducao values (274, 'direita', 'GB');
INSERT INTO anomalia_traducao values (333, 'meio', 'CH');
INSERT INTO anomalia_traducao values (277, 'esquerda', 'EN');

--items
INSERT INTO item values (114, 'descricao269', 'cidade6', 491.33187910738485, 62.214044019934555);
INSERT INTO item values (256, 'descricao65', 'cidade0', 487.2772110247344, 39.78132916323654);
INSERT INTO item values (61, 'descricao9', 'cidade5', 318.8175368136219, 87.99980074790032);
INSERT INTO item values (453, 'descricao324', 'cidade4', 171.3155767180894, 21.659545288546056);
INSERT INTO item values (414, 'descricao33', 'cidade5', 952.3899314257416, 93.83343973672265);
INSERT INTO item values (193, 'descricao22', 'cidade3', 227.5990219590618, 47.08686966289586);
INSERT INTO item values (311, 'descricao9', 'cidade2', 83.41146335421811, 73.3177263346586);
INSERT INTO item values (304, 'descricao306', 'cidade1', 142.15545680883912, 37.90066724582456);
INSERT INTO item values (228, 'descricao177', 'cidade8', 416.3946111957959, 54.24230422223847);
INSERT INTO item values (159, 'descricao255', 'cidade0', 642.8039908406703, 73.02420529655303);
INSERT INTO item values (295, 'descricao3', 'cidade8', 676.2755817626902, 95.4441969304595);
INSERT INTO item values (143, 'descricao294', 'cidade5', 122.57283438691059, 67.79468935381023);
INSERT INTO item values (232, 'descricao294', 'cidade5', 566.2839486450903, 69.98311578254753);
INSERT INTO item values (373, 'descricao398', 'cidade9', 305.2446024915271, 27.13632459544656);
INSERT INTO item values (246, 'descricao366', 'cidade2', 171.3417073611072, 42.2868073109565);
INSERT INTO item values (257, 'descricao298', 'cidade6', 156.14721027707802, 20.00552236403095);
INSERT INTO item values (424, 'descricao96', 'cidade3', 367.29280585479495, 40.76801438324363);
INSERT INTO item values (469, 'descricao310', 'cidade7', 642.6393695226715, 42.81749530698741);
INSERT INTO item values (323, 'descricao214', 'cidade2', 581.201781573252, 20.839023933782187);
INSERT INTO item values (491, 'descricao141', 'cidade2', 494.14120842369545, 91.90296068199847);

--duplicados
INSERT INTO duplicado values (114, 256);
INSERT INTO duplicado values (453, 469);
INSERT INTO duplicado values (193, 414);
INSERT INTO duplicado values (228, 311);
INSERT INTO duplicado values (143, 304);
INSERT INTO duplicado values (246, 295);
INSERT INTO duplicado values (323, 373);

--incidencia
INSERT INTO incidencia values (236, 232, 'nome2857@outlook.com.pt');
INSERT INTO incidencia values (114, 257, 'nome394@gmail.com');
INSERT INTO incidencia values (450, 491, 'nome864@hotmail.com');
INSERT INTO incidencia values (246, 491, 'nome62@gmail.com');
INSERT INTO incidencia values (182, 257, 'nome2268@hotmail.com');
INSERT INTO incidencia values (319, 424, 'nome059@gmail.com');
INSERT INTO incidencia values (140, 61, 'nome2982@gmail.com');
INSERT INTO incidencia values (301, 159, 'nome526@outlook.com.pt');
INSERT INTO incidencia values (46, 159, 'nome1226@hotmail.com');
INSERT INTO incidencia values (182, 61, 'nome45@hotmail.com');
INSERT INTO incidencia values (174, 491, 'nome04@outlook.com.pt');
INSERT INTO incidencia values (352, 61, 'nome2554@gmail.com');
INSERT INTO incidencia values (366, 424, 'nome268@outlook.com.pt');
INSERT INTO incidencia values (231, 491, 'nome2053@outlook.com.pt');
INSERT INTO incidencia values (460, 232, 'nome2833@hotmail.com');
INSERT INTO incidencia values (35, 424, 'nome2543@outlook.com.pt');
INSERT INTO incidencia values (98, 159, 'nome1267@outlook.com.pt');
INSERT INTO incidencia values (47, 159, 'nome1734@hotmail.com');
INSERT INTO incidencia values (330, 424, 'nome741@outlook.com.pt');
INSERT INTO incidencia values (425, 491, 'nome568@hotmail.com');
INSERT INTO incidencia values (337, 491, 'nome2681@gmail.com');
INSERT INTO incidencia values (26, 424, 'nome151@gmail.com');
INSERT INTO incidencia values (388, 232, 'nome2280@outlook.com.pt');
INSERT INTO incidencia values (265, 159, 'nome1734@hotmail.com');
INSERT INTO incidencia values (210, 424, 'nome394@gmail.com');
INSERT INTO incidencia values (260, 257, 'nome1267@outlook.com.pt');
INSERT INTO incidencia values (336, 232, 'nome2044@gmail.com');
INSERT INTO incidencia values (348, 491, 'nome177@hotmail.com');
INSERT INTO incidencia values (266, 491, 'nome2797@outlook.com.pt');
INSERT INTO incidencia values (46, 424, 'nome1564@outlook.com.pt');
INSERT INTO incidencia values (70, 257, 'nome1642@hotmail.com');
INSERT INTO incidencia values (310, 159, 'nome1585@gmail.com');
INSERT INTO incidencia values (95, 61, 'nome1442@gmail.com');
INSERT INTO incidencia values (127, 257, 'nome2543@outlook.com.pt');
INSERT INTO incidencia values (465, 159, 'nome2681@gmail.com');
INSERT INTO incidencia values (264, 61, 'nome2044@gmail.com');
INSERT INTO incidencia values (272, 61, 'nome1267@outlook.com.pt');
INSERT INTO incidencia values (491, 424, 'nome177@hotmail.com');
INSERT INTO incidencia values (331, 159, 'nome1921@hotmail.com');
INSERT INTO incidencia values (467, 491, 'nome1955@outlook.com.pt');
INSERT INTO incidencia values (47, 257, 'nome177@hotmail.com');
INSERT INTO incidencia values (174, 491, 'nome696@hotmail.com');
INSERT INTO incidencia values (202, 491, 'nome2468@gmail.com');
INSERT INTO incidencia values (18, 159, 'nome1326@hotmail.com');
INSERT INTO incidencia values (498, 491, 'nome2554@gmail.com');
INSERT INTO incidencia values (164, 424, 'nome1033@hotmail.com');
INSERT INTO incidencia values (6, 424, 'nome470@gmail.com');
INSERT INTO incidencia values (271, 257, 'nome2358@outlook.com.pt');
INSERT INTO incidencia values (256, 491, 'nome2468@gmail.com');
INSERT INTO incidencia values (148, 491, 'nome1033@hotmail.com');
INSERT INTO incidencia values (379, 491, 'nome396@hotmail.com');
INSERT INTO incidencia values (303, 257, 'nome011@hotmail.com');
INSERT INTO incidencia values (60, 159, 'nome1442@gmail.com');
INSERT INTO incidencia values (75, 424, 'nome216@gmail.com');
INSERT INTO incidencia values (65, 491, 'nome1638@outlook.com.pt');
INSERT INTO incidencia values (393, 257, 'nome988@hotmail.com');
INSERT INTO incidencia values (338, 232, 'nome1364@gmail.com');
INSERT INTO incidencia values (480, 159, 'nome973@gmail.com');
INSERT INTO incidencia values (83, 257, 'nome2053@outlook.com.pt');
INSERT INTO incidencia values (354, 61, 'nome1784@outlook.com.pt');
INSERT INTO incidencia values (429, 257, 'nome2857@outlook.com.pt');
INSERT INTO incidencia values (438, 159, 'nome2236@gmail.com');
INSERT INTO incidencia values (209, 159, 'nome1258@gmail.com');
INSERT INTO incidencia values (455, 491, 'nome2543@outlook.com.pt');
INSERT INTO incidencia values (22, 232, 'nome2148@gmail.com');
INSERT INTO incidencia values (258, 257, 'nome2797@outlook.com.pt');
INSERT INTO incidencia values (61, 491, 'nome597@gmail.com');
INSERT INTO incidencia values (350, 159, 'nome2833@hotmail.com');
INSERT INTO incidencia values (19, 424, 'nome282@gmail.com');
INSERT INTO incidencia values (292, 424, 'nome2857@outlook.com.pt');
INSERT INTO incidencia values (48, 257, 'nome714@gmail.com');
INSERT INTO incidencia values (344, 159, 'nome1936@gmail.com');
INSERT INTO incidencia values (69, 424, 'nome2797@outlook.com.pt');
INSERT INTO incidencia values (466, 491, 'nome1064@outlook.com.pt');
INSERT INTO incidencia values (140, 424, 'nome988@hotmail.com');
INSERT INTO incidencia values (369, 232, 'nome216@gmail.com');
INSERT INTO incidencia values (152, 257, 'nome1033@hotmail.com');
INSERT INTO incidencia values (359, 257, 'nome2015@hotmail.com');
INSERT INTO incidencia values (89, 232, 'nome696@hotmail.com');
INSERT INTO incidencia values (498, 61, 'nome696@hotmail.com');
INSERT INTO incidencia values (492, 159, 'nome2358@outlook.com.pt');
INSERT INTO incidencia values (126, 424, 'nome04@outlook.com.pt');
INSERT INTO incidencia values (479, 424, 'nome2554@gmail.com');
INSERT INTO incidencia values (288, 159, 'nome1629@gmail.com');
INSERT INTO incidencia values (236, 159, 'nome74@hotmail.com');
INSERT INTO incidencia values (288, 159, 'nome2280@outlook.com.pt');
INSERT INTO incidencia values (419, 257, 'nome1335@outlook.com.pt');
INSERT INTO incidencia values (454, 424, 'nome696@hotmail.com');
INSERT INTO incidencia values (145, 491, 'nome1829@gmail.com');
INSERT INTO incidencia values (31, 491, 'nome2533@hotmail.com');
INSERT INTO incidencia values (430, 257, 'nome1198@gmail.com');
INSERT INTO incidencia values (348, 61, 'nome1044@gmail.com');
INSERT INTO incidencia values (390, 232, 'nome74@hotmail.com');
INSERT INTO incidencia values (26, 61, 'nome1335@outlook.com.pt');
INSERT INTO incidencia values (274, 491, 'nome45@hotmail.com');
INSERT INTO incidencia values (333, 232, 'nome2324@gmail.com');
INSERT INTO incidencia values (435, 159, 'nome1044@gmail.com');
INSERT INTO incidencia values (249, 424, 'nome2857@outlook.com.pt');
INSERT INTO incidencia values (277, 491, 'nome273@hotmail.com');
INSERT INTO incidencia values (231, 159, 'nome419@outlook.com.pt');

--proposta_de_correcao
INSERT INTO proposta_de_correcao values ('nome143@hotmail.com', 0, '2022-2-13 23:21:31', 'texto323');
INSERT INTO proposta_de_correcao values ('nome74@hotmail.com', 1, '2022-12-3 12:21:31', 'texto79');
INSERT INTO proposta_de_correcao values ('nome217@outlook.com.pt', 2, '2021-11-20 18:43:45', 'texto104');
INSERT INTO proposta_de_correcao values ('nome1123@hotmail.com', 3, '2022-10-22 19:0:56', 'texto334');
INSERT INTO proposta_de_correcao values ('nome1335@outlook.com.pt', 4, '2021-11-22 14:13:55', 'texto125');
INSERT INTO proposta_de_correcao values ('nome74@hotmail.com', 5, '2021-4-19 3:45:0', 'texto489');
INSERT INTO proposta_de_correcao values ('nome011@hotmail.com', 6, '2022-1-13 19:0:42', 'texto273');
INSERT INTO proposta_de_correcao values ('nome74@hotmail.com', 7, '2022-9-5 5:46:52', 'texto454');
INSERT INTO proposta_de_correcao values ('nome394@gmail.com', 8, '2021-5-19 4:19:46', 'texto262');
INSERT INTO proposta_de_correcao values ('nome1226@hotmail.com', 9, '2022-10-9 5:58:6', 'texto97');
INSERT INTO proposta_de_correcao values ('nome696@hotmail.com', 10, '2021-9-26 8:6:44', 'texto490');
INSERT INTO proposta_de_correcao values ('nome1258@gmail.com', 11, '2021-4-9 1:28:12', 'texto421');
INSERT INTO proposta_de_correcao values ('nome177@hotmail.com', 12, '2021-6-11 20:19:21', 'texto475');
INSERT INTO proposta_de_correcao values ('nome04@outlook.com.pt', 13, '2021-4-7 2:40:34', 'texto352');

--correcao
INSERT INTO correcao values ('nome059@gmail.com', 0, 89);
INSERT INTO correcao values ('nome011@hotmail.com', 1, 310);
INSERT INTO correcao values ('nome04@outlook.com.pt', 2, 369);
INSERT INTO correcao values ('nome151@gmail.com', 3, 47);
INSERT INTO correcao values ('nome177@hotmail.com', 4, 288);
INSERT INTO correcao values ('nome191@outlook.com.pt', 5, 331);
INSERT INTO correcao values ('nome216@gmail.com', 6, 260);
INSERT INTO correcao values ('nome251@hotmail.com', 7, 95);
INSERT INTO correcao values ('nome217@outlook.com.pt', 8, 174);
INSERT INTO correcao values ('nome394@gmail.com', 9, 70);
INSERT INTO correcao values ('nome396@hotmail.com', 10, 46);
INSERT INTO correcao values ('nome394@outlook.com.pt', 11, 344);
INSERT INTO correcao values ('nome470@gmail.com', 12, 152);
INSERT INTO correcao values ('nome45@hotmail.com', 13, 152);
